,code,name,cur_price,volume,high_price,low_price
000020,000020,동화약품,-9940,102144,10050,-9890
000030,000030,우리은행,0,0,0,0
000040,000040,KR모터스,538,228857,541,-519
000050,000050,경방,11150,26542,11250,11000
000060,000060,메리츠화재,23400,117012,23550,-22850
000070,000070,삼양홀딩스,88100,18897,88200,-84000
000075,000075,삼양홀딩스우,48350,357,48550,-47550
000080,000080,하이트진로,17600,170129,17600,-17100
000087,000087,하이트진로2우B,14650,75,14650,-14550
000100,000100,유한양행,-244000,46478,245500,-242000
000105,000105,유한양행우,213500,90,215000,-211500
000120,000120,CJ대한통운,180500,69130,180500,-173000
000140,000140,하이트진로홀딩스,7820,7814,7820,-7710
000145,000145,하이트진로홀딩스우,8240,207,8240,-8130
000150,000150,두산,-96700,508271,-101000,-96000
000155,000155,두산우,-71600,18997,-72100,-70000
000157,000157,두산2우B,-72600,789,-73400,-71800
000180,000180,성창기업지주,-2220,116041,2255,-2170
000210,000210,대림산업,-98600,192803,100500,-96700
000215,000215,대림산업우,-38850,2373,39100,-38200
000220,000220,유유제약,-12050,49651,12300,-11700
000225,000225,유유제약1우,-7290,4796,7450,-7240
000227,000227,유유제약2우B,18800,492,18800,-18600
000230,000230,일동홀딩스,-12750,5441,13050,-12500
000240,000240,한국타이어월드와이드,16150,90930,16150,-15750
000270,000270,기아차,36500,1334529,36500,-35050
000300,000300,대유플러스,-959,932581,1010,-951
000320,000320,노루홀딩스,13950,2177,14000,-13850
000325,000325,노루홀딩스우,-19050,5482,19200,-18600
000370,000370,한화손해보험,-5390,269969,5470,-5320
000390,000390,삼화페인트,-6800,5208,6920,-6800
000400,000400,롯데손해보험,2710,128033,2725,-2695
000430,000430,대원강업,-5110,348221,5290,-5110
000480,000480,조선내화,85000,212,85000,-84300
000490,000490,대동공업,6820,149786,6870,-6710
000500,000500,가온전선,19200,20024,19300,-18700
000520,000520,삼일제약,-21800,36565,22100,-21550
000540,000540,흥국화재,-4900,15391,4920,-4860
000545,000545,흥국화재우,5840,10684,5840,-5640
000547,000547,흥국화재2우B,25200,1547,25250,-24850
000590,000590,CS홀딩스,-65300,1950,65900,-64200
000640,000640,동아쏘시오홀딩스,108500,12272,108500,-104500
000650,000650,천일고속,75700,415,75700,-75100
000660,000660,SK하이닉스,77400,2313376,77400,-75100
000670,000670,영풍,778000,1751,778000,-738000
000680,000680,LS네트웍스,2925,33702,2980,-2880
000700,000700,유수홀딩스,-7750,160670,7940,-7620
000720,000720,현대건설,-62400,921888,63300,-60900
000725,000725,현대건설우,-203000,5026,-215000,-200000
000760,000760,이화산업,20900,23413,24850,-20550
000810,000810,삼성화재,301000,112781,301000,-286500
000815,000815,삼성화재우,179500,7027,180000,-178500
000850,000850,화천기공,42800,4792,43050,-42600
000860,000860,강남제비스코,27800,12022,27900,-26950
000880,000880,한화,-33700,236362,33750,-32850
000885,000885,한화우,-21350,3570,21650,-20900
00088K,00088K,한화3우B,15300,34429,15300,-15100
000890,000890,보해양조,-1970,4857707,2035,-1950
000910,000910,유니온,-5220,561861,5620,-5180
000950,000950,전방,18650,427,18700,-18550
000970,000970,한국주철관,-10950,167324,11300,-10750
000990,000990,DB하이텍,13400,1193800,13600,12700
000995,000995,DB하이텍1우,36450,1089,37700,-35100
001020,001020,페이퍼코리아,1030,148072,1050,-1010
001040,001040,CJ,126000,137577,126000,-122000
001045,001045,CJ우,54800,2276,54900,-53700
001060,001060,JW중외제약,42000,68791,42000,-41000
001065,001065,JW중외제약우,25750,609,26050,-25400
001067,001067,JW중외제약2우B,-44600,164,45050,-43900
001070,001070,대한방직,13750,12763,13750,-13200
001080,001080,만호제강,-19350,4056,19950,-19000
001120,001120,LG상사,17200,233106,17200,-16450
001130,001130,대한제분,-186000,1499,188000,-185500
001140,001140,국보,-13750,31612,14200,-13600
001200,001200,유진투자증권,2810,155076,2810,-2740
001210,001210,금호전기,-6250,6055,6300,-6160
001230,001230,동국제강,8240,307443,8240,-7960
001250,001250,GS글로벌,2840,230107,2845,-2780
001260,001260,남광토건,-17500,108857,18300,-17200
001270,001270,부국증권,-21100,3704,21200,-20850
001275,001275,부국증권우,-19400,599,19700,-19150
001290,001290,골든브릿지증권,2515,145785,2530,-2460
001340,001340,백광산업,2815,276539,2820,-2765
001360,001360,삼성제약,2810,158349,2850,-2775
001380,001380,SG충방,-2795,1905216,2825,-2710
001390,001390,KG케미칼,17800,117292,17900,-17450
001420,001420,태원물산,6490,33649,6750,-6320
001430,001430,세아베스틸,18150,55197,18150,-17500
001440,001440,대한전선,1195,592623,1215,-1185
001450,001450,현대해상,-38950,265984,39350,-38500
001460,001460,BYC,241000,237,243000,-240000
001465,001465,BYC우,-110000,107,111500,-109000
001470,001470,삼부토건,5090,106785,5200,-5000
001500,001500,현대차증권,-9920,27999,-10000,-9800
001510,001510,SK증권,739,1204372,743,-735
001515,001515,SK증권우,-3745,289898,-3855,-3730
001520,001520,동양,2050,344709,2050,-1995
001525,001525,동양우,9650,119,9690,-9510
001527,001527,동양2우B,11100,1682,11200,11100
001529,001529,동양3우B,31400,402,31550,-31150
001530,001530,동일방직,72000,34502,72400,-66000
001550,001550,조비,-29700,88466,30850,-29150
001560,001560,제일연마,6650,28057,6760,-6510
001570,001570,금양,-2335,57116,2345,-2310
001620,001620,동국실업,-956,77261,960,-947
001630,001630,종근당홀딩스,65200,3843,65700,-63900
001680,001680,대상,26600,98373,26700,-26100
001685,001685,대상우,-12900,3008,13000,-12800
001720,001720,신영증권,60200,4750,60300,-59800
001725,001725,신영증권우,55800,518,55900,-55600
001740,001740,SK네트웍스,6070,1662441,6120,-5930
001745,001745,SK네트웍스우,-55700,945,56200,-54600
001750,001750,한양증권,6990,5714,7080,-6910
001755,001755,한양증권우,-7730,856,7810,-7720
001770,001770,신화실업,-21900,510,21950,-21650
001780,001780,알루코,-3085,264893,3160,-3080
001790,001790,대한제당,19400,6681,19650,-19350
001795,001795,대한제당우,12050,3204,12050,-11950
001799,001799,대한제당3우B,23750,241,23750,-23450
001800,001800,오리온홀딩스,19150,60994,19150,-18300
001820,001820,삼화콘덴서,67500,349778,68500,-66500
001880,001880,삼호,16400,5187,16450,-15650
001940,001940,KISCO홀딩스,13700,3800,13700,-13500
002020,002020,코오롱,33800,19309,34050,-33500
002025,002025,코오롱우,18300,3266,18350,-17900
002030,002030,아세아,130000,600,130500,-128500
002070,002070,남영비비안,6620,2050,6800,-6440
002100,002100,경농,-20400,567284,21400,-20000
002140,002140,고려산업,-2625,155934,2645,-2575
002150,002150,도화엔지니어링,-13150,501054,13500,-12800
002170,002170,삼양통상,-44000,1891,44600,-43700
002200,002200,수출포장,-20650,10506,20800,-20400
002210,002210,동성제약,17850,473118,18050,-17600
002220,002220,한일철강,22050,6222,22050,-21400
002240,002240,고려제강,27450,18435,27500,-25550
002250,002250,알보젠코리아,28700,1832,28750,-28500
002270,002270,롯데푸드,644000,1673,644000,-636000
002300,002300,한국제지,-19450,8338,19650,-19150
002310,002310,아세아제지,-33050,28895,34500,-32750
002320,002320,한진,44300,143639,44850,-42950
002350,002350,넥센타이어,10000,94058,10000,-9650
002355,002355,넥센타이어1우B,-3870,981,3875,-3870
002360,002360,SH에너지화학,-1210,566224,1225,-1200
002380,002380,KCC,321500,30983,321500,-314000
002390,002390,한독,28400,67868,28500,-27500
002410,002410,범양건영,-1890,90584,1940,-1870
002420,002420,세기상사,-74900,1609,75900,-72200
002450,002450,삼익악기,-1900,337665,1950,-1900
002460,002460,화성산업,15200,52483,15350,-15050
002600,002600,조흥,187000,140,187000,-180500
002620,002620,제일파마홀딩스,25700,9971,25800,-25200
002630,002630,오리엔트바이오,-545,2240108,555,-538
002690,002690,동일제강,-3780,140023,3800,-3670
002700,002700,신일산업,1525,1181931,1540,-1480
002710,002710,TCC동양,-2260,15166,2280,-2250
002720,002720,국제약품,-4635,68241,4720,-4585
002760,002760,보락,2420,991650,2445,-2360
002780,002780,진흥기업,2110,126490,2130,-2085
002785,002785,진흥기업우B,-4880,29682,4985,-4830
002787,002787,진흥기업2우B,-12150,14951,12600,-12050
002790,002790,아모레G,63800,191619,64800,-62800
002795,002795,아모레G우,28250,5385,28250,-27950
002810,002810,삼영무역,15350,21090,15350,-14700
002820,002820,선창산업,-6080,18793,6270,-6050
002840,002840,미원상사,251000,427,251000,248000
002870,002870,신풍제지,-1400,101672,1430,-1395
002880,002880,대유에이텍,-1220,601003,1230,-1210
002900,002900,동양물산,-2320,1839406,2380,-2300
002920,002920,유성기업,-2830,20032,-2845,-2790
002960,002960,한국쉘석유,334000,1372,334000,-326000
002990,002990,금호산업,-12400,107781,-12700,-12350
002995,002995,금호산업우,-25550,4172,26750,-25450
003000,003000,부광약품,24600,148132,24600,-24200
003010,003010,혜인,-7410,546873,7930,-7190
003030,003030,세아제강지주,54700,6007,54700,-52600
003060,003060,에이프로젠제약,-2465,300369,2530,-2465
003070,003070,코오롱글로벌,8280,12434,8290,-8100
003075,003075,코오롱글로벌우,15050,3641,15250,-14900
003080,003080,성보화학,5730,16214,5750,-5660
003090,003090,대웅,20050,51859,20200,-19750
003120,003120,일성신약,95300,274,95300,-94700
003160,003160,디아이,4515,368080,4545,-4345
003200,003200,일신방직,97300,646,97400,-96500
003220,003220,대원제약,-17350,26145,17450,-17000
003230,003230,삼양식품,68300,48611,70000,-67800
003240,003240,태광산업,1569000,1166,1569000,-1463000
003280,003280,흥아해운,409,829865,416,-404
003300,003300,한일홀딩스,63900,10682,63900,-60700
003350,003350,한국화장품제조,37400,135786,39150,37400
003410,003410,쌍용양회,-6950,844788,6990,-6820
003415,003415,쌍용양회우,-6620,107528,-6780,-6480
003460,003460,유화증권,12900,2007,12950,-12750
003465,003465,유화증권우,12600,133,12700,12600
003470,003470,유안타증권,3440,740623,3520,-3375
003475,003475,유안타증권우,2320,50880,2375,-2265
003480,003480,한진중공업홀딩스,2770,172859,2815,-2640
003490,003490,대한항공,36900,626980,36950,35850
003495,003495,대한항공우,14950,161151,16750,14800
003520,003520,영진약품,6600,690345,6610,-6450
003530,003530,한화투자증권,2445,227821,2450,-2410
003535,003535,한화투자증권우,-2350,35252,2390,-2300
003540,003540,대신증권,-11500,91365,11550,-11350
003545,003545,대신증권우,-8710,35606,8780,-8690
003547,003547,대신증권2우B,-8190,727,8260,-8190
003550,003550,LG,77500,246255,77500,-74300
003555,003555,LG우,44000,2255,44150,-43400
003560,003560,IHQ,2295,5644660,2310,-2215
003570,003570,S&T중공업,-7270,12838,7310,-7150
003580,003580,넥스트사이언스,-6730,162205,6980,-6730
003610,003610,방림,-2425,58548,2430,-2380
003620,003620,쌍용차,5200,174018,5230,-5060
003650,003650,미창석유,77400,213,77400,-76200
003680,003680,한성기업,-6350,20691,6400,-6310
003690,003690,코리안리,8790,161042,8840,-8710
003720,003720,삼영화학,-817,34052,-820,-811
003780,003780,진양산업,-4275,354708,4345,-4130
003830,003830,대한화섬,110500,1224,111000,-107500
003850,003850,보령제약,10100,108567,10100,-9950
003920,003920,남양유업,633000,1157,633000,-618000
003925,003925,남양유업우,-206000,25,207000,-206000
003960,003960,사조대림,-23000,8409,23400,-22900
004000,004000,롯데정밀화학,48400,166846,48900,-47350
004020,004020,현대제철,-50500,357535,-50500,-49450
004060,004060,SG세계물산,824,759286,848,-821
004080,004080,신흥,10100,1543,10150,-10050
004090,004090,한국석유,-159000,4267,163000,-155500
004100,004100,태양금속,-1550,412953,1615,-1545
004105,004105,태양금속우,3575,77951,3630,-3510
004140,004140,동방,-2070,5013965,2250,-2025
004150,004150,한솔홀딩스,-4850,67330,4980,-4845
004170,004170,신세계,255000,40153,257000,-252500
004200,004200,고려개발,5090,7383,5200,-5040
004250,004250,NPC,3940,12928,3940,-3850
004255,004255,NPC우,-2295,411,2300,-2245
004270,004270,남성,2075,974136,2080,-2005
004310,004310,현대약품,5220,144135,5220,-5130
004360,004360,세방,13600,13788,13650,-13350
004365,004365,세방우,-6510,6,-6510,-6500
004370,004370,농심,279500,18922,279500,-273500
004380,004380,삼익THK,14100,81878,14150,-13750
004410,004410,서울식품,204,115197743,228,185
004415,004415,서울식품우,4375,3413787,5020,3920
004430,004430,송원산업,21550,167794,21950,-21300
004440,004440,대림씨엔에스,-11600,38450,11850,-11450
004450,004450,삼화왕관,46800,94,47000,-46000
004490,004490,세방전지,39800,38064,39950,-38350
004540,004540,깨끗한나라,-3465,40223,3510,-3415
004545,004545,깨끗한나라우,20850,4487,20900,-20400
004560,004560,현대비앤지스틸,-10550,47218,10750,-10350
004565,004565,현대비앤지스틸우,-65700,1777,67500,-65200
004690,004690,삼천리,100500,2824,100500,-98900
004700,004700,조광피혁,37550,2266,37750,-37300
004710,004710,한솔테크닉스,-8220,123127,8290,-8040
004720,004720,우리들제약,-8380,406312,-8580,-8300
004770,004770,써니전자,3010,1998047,3120,-3000
004800,004800,효성,69500,169291,69500,68000
004830,004830,덕성,3480,319713,3505,-3330
004835,004835,덕성우,-4325,28309,4390,-4255
004840,004840,DRB동일,-6840,7235,6880,-6780
004870,004870,티웨이홀딩스,2850,1749264,2850,-2595
004890,004890,동일산업,59100,2018,59400,-58500
004910,004910,조광페인트,-7480,11617,7590,-7420
004920,004920,씨아이테크,571,180550,577,-565
004960,004960,한신공영,19100,81179,19150,-18500
004970,004970,신라교역,-14150,4644,14250,-14000
004980,004980,성신양회,-13400,541165,14000,-13250
004985,004985,성신양회우,-13450,42105,-14050,-13100
004987,004987,성신양회2우B,-17400,8125,17900,-17150
004989,004989,성신양회3우B,12400,2742,12400,-11700
004990,004990,롯데지주,52800,116529,52800,-51600
00499K,00499K,롯데지주우,52600,1012,52600,-51400
005010,005010,휴스틸,13000,13871,13000,-12550
005030,005030,부산주공,569,367987,577,-556
005070,005070,코스모신소재,16450,276718,16550,-16100
005090,005090,삼광글라스,37600,41302,37750,35950
005110,005110,한창,-2260,2371003,2410,-2260
005180,005180,빙그레,70300,18485,70400,-68900
005190,005190,동성화학,-14600,12552,15100,-14400
005250,005250,녹십자홀딩스,26100,77828,26150,-25350
005257,005257,녹십자홀딩스2우,18250,829,18250,-17800
005300,005300,롯데칠성,1479000,1219,1479000,-1436000
005305,005305,롯데칠성우,-629000,109,634000,-624000
005320,005320,국동,2990,476979,3050,-2870
005360,005360,모나미,-2815,42422,2840,-2795
005380,005380,현대차,-121500,1072937,-124000,-119500
005385,005385,현대차우,-74800,27397,76900,-73400
005387,005387,현대차2우B,-82200,96441,83800,-80100
005389,005389,현대차3우B,-70200,3150,71700,-69700
005390,005390,신성통상,982,194235,982,-969
005420,005420,코스모화학,-16950,334240,17450,-16800
005430,005430,한국공항,48000,10786,48200,46250
005440,005440,현대그린푸드,13950,205773,13950,-13600
005450,005450,신한,4945,0,0,0
005490,005490,POSCO,-266500,367802,-266500,-260000
005500,005500,삼진제약,-41100,61834,41450,-40350
005610,005610,SPC삼립,116500,10855,116500,-114500
005680,005680,삼영전자,12950,141943,13200,12750
005690,005690,파미셀,12150,2723441,12350,-11850
005720,005720,넥센,-5980,23208,-6010,-5920
005725,005725,넥센우,3730,664,3750,-3690
005740,005740,크라운해태홀딩스,15600,348760,15900,-14600
005745,005745,크라운해태홀딩스우,-14600,34779,14900,-14100
005750,005750,대림B&Co,5260,29360,5300,-5180
005800,005800,신영와코루,144500,124,144500,-141000
005810,005810,풍산홀딩스,38200,2572,38500,-38000
005820,005820,원림,-18700,259,19050,-18700
005830,005830,DB손해보험,72400,167910,72400,-70800
005850,005850,에스엘,20000,64954,20000,-19350
005870,005870,휴니드,8850,269947,9200,8810
005880,005880,대한해운,-22900,62594,23150,-22600
005930,005930,삼성전자,47500,17259341,47500,-46150
005935,005935,삼성전자우,38000,1140691,38000,-37300
005940,005940,NH투자증권,13400,672584,13400,-13200
005945,005945,NH투자증권우,-8710,14356,8750,-8700
005950,005950,이수화학,10050,23868,10100,-9990
005960,005960,동부건설,-8680,62379,8790,-8450
005965,005965,동부건설우,-17300,242,17400,-17000
006040,006040,동원산업,232500,3009,232500,-223000
006060,006060,화승인더,7180,442760,7200,-6840
006090,006090,사조오양,-9780,21474,9820,-9680
006110,006110,삼아알미늄,-4810,65725,4950,-4745
006120,006120,SK디스커버리,29000,39777,29000,-28400
006125,006125,SK디스커버리우,15800,944,15800,-15650
006200,006200,한국전자홀딩스,820,64059,820,-811
006220,006220,제주은행,4900,33355,4905,-4845
006260,006260,LS,-53900,109575,54600,-53200
006280,006280,녹십자,-147500,46134,148500,-144000
006340,006340,대원전선,-1970,1304137,2065,-1955
006345,006345,대원전선우,-4205,34653,4325,-4180
006360,006360,GS건설,47000,374190,47000,-45550
006370,006370,대구백화점,-11200,81236,11550,-11000
006380,006380,카프로,-5140,117216,5170,-5100
006390,006390,한일현대시멘트,-52800,60537,54100,-52200
006400,006400,삼성SDI,240500,398668,240500,-236000
006405,006405,삼성SDI우,-95700,1333,96700,-95300
006490,006490,인스코비,5960,1256347,6100,-5800
006570,006570,대림통상,4600,250,4600,-4590
006650,006650,대한유화,170000,24214,170000,-165500
006660,006660,삼성공조,9790,7162,9790,-9660
006740,006740,영풍제지,3575,85731,3580,-3525
006800,006800,미래에셋대우,7560,1947421,7560,-7380
006805,006805,미래에셋대우우,4140,10312,4160,4095
00680K,00680K,미래에셋대우2우B,3710,147197,3720,-3690
006840,006840,AK홀딩스,55300,16145,55300,-53300
006880,006880,신송홀딩스,-4740,12239,4750,-4600
006890,006890,태경화학,-5400,81269,5420,-5300
006980,006980,우성사료,-2925,97297,2990,-2910
007070,007070,GS리테일,35800,132596,35850,-35350
007110,007110,일신석재,-3400,5272969,-3560,-3385
007120,007120,미래아이앤지,-516,295365,525,-512
007160,007160,사조산업,-59300,3367,59900,-58800
007210,007210,벽산,2775,202689,2780,-2730
007280,007280,한국특수형강,2260,87892,2270,-2225
007310,007310,오뚜기,798000,3151,798000,-775000
007340,007340,디티알오토모티브,-31500,643,31550,-31150
007460,007460,에이프로젠 KIC,-2700,2228224,-2735,-2665
007540,007540,샘표,37400,12093,37700,-37100
007570,007570,일양약품,29900,43622,29900,-29150
007575,007575,일양약품우,19500,961,20150,-19000
007590,007590,동방아그로,-7720,19199,7850,-7630
007610,007610,선도전기,-5580,585478,5830,-5430
007630,007630,폴루스바이오팜,-4260,429143,-4335,-4205
007660,007660,이수페타시스,-6330,555051,6440,-6250
007690,007690,국도화학,-49700,12046,49750,-48650
007700,007700,F&F,58000,386267,59800,-53300
007810,007810,코리아써키트,6550,97271,6560,-6250
007815,007815,코리아써우,2800,3074,2815,-2755
00781K,00781K,코리아써키트2우B,4380,584,4380,-4225
007860,007860,서연,-4345,59248,4530,-4215
007980,007980,태평양물산,2885,1239358,2915,2740
008040,008040,사조동아원,-1310,167246,1340,-1300
008060,008060,대덕전자,10550,462005,10650,-10300
00806K,00806K,대덕전자1우,5750,3394,5780,-5680
008110,008110,대동전자,3550,12824,3550,-3465
008250,008250,이건산업,-12650,246122,12900,-12400
008260,008260,NI스틸,2790,77562,2790,-2730
008350,008350,남선알미늄,-2810,4257802,2915,-2810
008355,008355,남선알미우,-27750,12082,28750,-27650
008420,008420,문배철강,-3960,1392763,4035,-3890
008490,008490,서흥,-25050,14178,25650,-24950
008500,008500,일정실업,21600,1581,21700,21150
008560,008560,메리츠종금증권,4805,1526857,4805,-4660
008600,008600,윌비스,-1410,469158,1440,-1410
008700,008700,아남전자,2775,1003573,2810,-2750
008730,008730,율촌화학,15450,60547,15500,-14900
008770,008770,호텔신라,75500,633297,75700,-74000
008775,008775,호텔신라우,44000,4722,44450,-43250
008870,008870,금비,67900,274,68000,-66900
008930,008930,한미사이언스,78500,66430,78500,-76000
008970,008970,동양철관,-1830,3432510,1890,-1780
009070,009070,KCTC,-4485,1119943,4850,-4405
009140,009140,경인전자,30750,8357,31500,29250
009150,009150,삼성전기,-114000,1029041,115500,-112500
009155,009155,삼성전기우,-45500,3299,46100,-45250
009160,009160,SIMPAC,2890,89636,2920,-2825
009180,009180,한솔로지스틱스,-1590,376183,1630,-1570
009190,009190,대양금속,4675,8602,4685,4600
009200,009200,무림페이퍼,-3045,59039,3080,-3015
009240,009240,한샘,81100,178937,81400,-76900
009270,009270,신원,-2810,4103818,2965,-2770
009275,009275,신원우,-65400,7861,70000,-64000
009290,009290,광동제약,7380,57086,7380,-7270
009310,009310,참엔지니어링,1770,284273,1800,-1745
009320,009320,대우부품,-2700,888413,2810,-2685
009410,009410,태영건설,-12550,276705,12950,-12450
009415,009415,태영건설우,-6180,35496,-6380,-6160
009420,009420,한올바이오파마,-36850,389239,-37350,-36350
009440,009440,KC그린홀딩스,4200,23806,4215,-4135
009450,009450,경동나비엔,48750,402862,49750,45500
009460,009460,한창제지,-3375,4694106,3565,-3335
009470,009470,삼화전기,24150,94555,24650,-23800
009540,009540,현대중공업,-124500,537322,127500,-123000
009580,009580,무림P&P,-6130,440434,6230,-6050
009680,009680,모토닉,-10950,232206,11450,-10750
009770,009770,삼정펄프,35400,896,35550,-34500
009810,009810,엔케이물산,799,1200246,809,-780
009830,009830,한화케미칼,-21850,760266,22350,-21500
009835,009835,한화케미칼우,-12100,3100,12150,-11950
009970,009970,영원무역홀딩스,62000,2525,62200,-60700
010040,010040,한국내화,10400,3853799,10450,-9800
010050,010050,우리종금,-796,2939795,802,-787
010060,010060,OCI,-96300,245771,-97100,-95100
010100,010100,한국프랜지,-1750,62426,1820,-1750
010120,010120,LS산전,51700,117668,51700,-50700
010130,010130,고려아연,435500,34407,435500,-425500
010140,010140,삼성중공업,-8610,5691950,8780,-8360
010145,010145,삼성중공우,-48800,2677,50000,-48350
010400,010400,우진아이엔에스,-10800,86305,11150,-10650
010420,010420,한솔PNS,-1520,141345,1550,-1500
010580,010580,지코,800,293727,801,-769
010600,010600,웰바이오텍,5050,434445,5060,-4795
010620,010620,현대미포조선,-60200,329146,61500,-59500
010640,010640,진양폴리,-2505,51451,-2555,-2460
010660,010660,화천기계,21050,6261,21300,-20450
010690,010690,화신,-2685,15879,2715,-2645
010770,010770,평화홀딩스,-7000,141695,7300,-6950
010780,010780,아이에스동서,32300,46753,32300,-31450
010820,010820,퍼스텍,-3350,505786,3460,-3305
010950,010950,S-Oil,105000,274600,105000,-102500
010955,010955,S-Oil우,-69200,8865,69800,-69000
010960,010960,삼호개발,-5750,133386,6000,-5670
011000,011000,진원생명과학,-5000,218045,-5090,-4975
011070,011070,LG이노텍,107500,233256,109000,-103500
011090,011090,에넥스,1460,1420192,1485,1420
011150,011150,CJ씨푸드,2490,44714,2510,-2465
011155,011155,CJ씨푸드1우,28850,1812,28900,-28100
011160,011160,두산건설,-1540,2718817,-1635,-1510
011170,011170,롯데케미칼,302000,145649,302500,-294000
011200,011200,현대상선,4285,874309,4350,-4220
011210,011210,현대위아,-41250,225021,-42250,-40300
011230,011230,삼화전자,3030,55150,3040,-2990
011280,011280,태림포장,4725,2506167,4830,-4350
011300,011300,성안,703,3746754,763,659
011330,011330,유니켐,1880,4183200,1925,1845
011390,011390,부산산업,-177500,18523,184500,-176500
011420,011420,갤럭시아에스엠,-1925,51079,2000,-1870
011500,011500,한농화성,4370,13560,4415,-4285
011690,011690,유양디앤유,-8550,268781,8730,-8450
011700,011700,한신기계,-2500,151529,2565,-2480
011760,011760,현대상사,-32050,277368,33100,-31700
011780,011780,금호석유,86500,113923,86500,-84600
011785,011785,금호석유우,32150,5211,32150,-31700
011790,011790,SKC,41100,154249,41100,-39850
011810,011810,STX,-16900,85911,17600,-16900
011930,011930,신성이엔지,1165,677899,1170,-1140
012030,012030,DB,915,590514,918,-905
012160,012160,영흥철강,-1595,23509992,1890,-1595
012170,012170,키위미디어그룹,-345,1149955,355,-345
012200,012200,계양전기,-3805,28012,3840,-3790
012205,012205,계양전기우,-9960,97970,10500,-9930
012280,012280,영화금속,1630,10219985,1935,1620
012320,012320,경동인베스트,48300,37478,49300,46050
012330,012330,현대모비스,-218000,343277,-218000,-210500
012450,012450,한화에어로스페이스,-32400,171896,32700,-32100
012510,012510,더존비즈온,41750,139572,41750,-40850
012600,012600,청호컴넷,-2750,20359,-2785,-2750
012610,012610,경인양행,6900,337250,6970,-6750
012630,012630,HDC,-18650,413934,18950,-18350
012690,012690,모나리자,4090,426369,4125,-4025
012750,012750,에스원,104000,57967,104000,-100500
012800,012800,대창,-976,222956,988,-974
013000,013000,세우글로벌,2025,31823592,2370,2025
013360,013360,일성건설,-2070,1426434,2195,-2070
013520,013520,화승알앤에이,2100,30190,2110,-2070
013570,013570,디와이,-6070,78715,6200,-6070
013580,013580,계룡건설,-26150,24170,26500,-25850
013700,013700,까뮤이앤씨,-1490,1313590,1530,-1470
013870,013870,지엠비코리아,-8370,353703,8750,-8360
014130,014130,한익스프레스,5190,35741,5310,-5090
014160,014160,대영포장,-1430,2838250,1520,-1430
014280,014280,금강공업,23100,19932,23300,22600
014285,014285,금강공업우,-35800,23,-35950,-35250
014440,014440,영보화학,3945,11785,3965,-3900
014530,014530,극동유화,-3465,93584,3510,-3440
014580,014580,백광소재,-3155,186119,3235,-3140
014680,014680,한솔케미칼,91000,59244,91000,-87900
014710,014710,사조씨푸드,6690,43305,6720,-6570
014790,014790,한라,-5020,237442,5120,-4955
014820,014820,동원시스템즈,30800,19931,30800,-29900
014825,014825,동원시스템즈우,20950,258,20950,-20400
014830,014830,유니드,47400,21488,47400,-45700
014910,014910,성문전자,-3485,622135,3610,-3440
014915,014915,성문전자우,-17500,93074,-18600,-17350
014990,014990,인디에프,-3100,19735521,3715,-3040
015020,015020,이스타코,709,93915,709,-691
015230,015230,대창단조,-42950,4345,43350,-42650
015260,015260,에이엔피,498,22059531,545,-422
015350,015350,부산가스,-39550,1645,-39850,-39100
015360,015360,예스코홀딩스,42550,839,42550,-42100
015540,015540,메디파트너생명공학,7300,4787,7440,-7220
015590,015590,큐로,554,85801,555,-545
015760,015760,한국전력,-33800,1670031,-33950,-32900
015860,015860,일진홀딩스,4040,137361,4075,-3950
015890,015890,태경산업,-5870,96802,5990,-5810
016090,016090,대현,2480,177275,2485,-2380
016360,016360,삼성증권,33950,267743,33950,-33250
016380,016380,동부제철,10400,57368,10400,-9990
016385,016385,동부제철우,45500,7777,45500,-43650
016450,016450,한세예스24홀딩스,8900,141677,8940,-8360
016580,016580,환인제약,19050,16148,19150,-18800
016590,016590,신대양제지,-66500,49408,69200,-65700
016610,016610,DB금융투자,4960,58708,4970,-4900
016710,016710,대성홀딩스,-6510,6501,6570,-6470
016740,016740,두올,-3200,88992,3240,-3170
016800,016800,퍼시스,31050,2811,31350,-30700
016880,016880,웅진,2325,212038,2340,-2290
017040,017040,광명전기,-3245,501052,3300,-3150
017180,017180,명문제약,5750,309490,5770,-5610
017370,017370,우신시스템,-6730,29431,6820,-6670
017390,017390,서울가스,83900,77,84200,83200
017550,017550,수산중공업,-2030,1296115,2085,-1990
017670,017670,SK텔레콤,260000,249584,260000,-256500
017800,017800,현대엘리베이,-118500,498057,120000,-115000
017810,017810,풀무원,82600,3212,82700,-81600
017900,017900,광전자,2415,254605,2415,-2340
017940,017940,E1,-59500,4423,59600,-58500
017960,017960,한국카본,-8090,512535,8340,-7960
018250,018250,애경산업,-39600,229605,40500,-39550
018260,018260,삼성에스디에스,228500,113188,228500,-223000
018470,018470,조일알미늄,1060,327208,1095,-1055
018500,018500,동원금속,892,64881,905,-881
018670,018670,SK가스,-80500,17339,81400,-80000
018880,018880,한온시스템,-12550,1112701,-12700,-12250
019170,019170,신풍제약,-8180,1098073,8340,-8000
019175,019175,신풍제약우,-6780,11754,6880,-6710
019180,019180,티에이치엔,-2770,124130,2840,-2715
019440,019440,세아특수강,-15050,7612,15250,-15000
019490,019490,하이트론,3825,21945,3895,-3745
019680,019680,대교,6580,64168,6580,-6420
019685,019685,대교우B,4470,3820,4470,-4455
020000,020000,한섬,37150,59570,37150,-36500
020120,020120,키다리스튜디오,-2600,8916,2645,-2585
020150,020150,일진머티리얼즈,43800,431325,43800,-42100
020560,020560,아시아나항공,4345,419331,4365,-4320
020760,020760,일진디스플,4025,193275,4030,-3870
021050,021050,서원,1210,68010,1215,-1185
021240,021240,코웨이,86500,234036,86500,-82600
021820,021820,세원정공,7660,967,7680,-7550
023000,023000,삼원강재,3055,5809,3060,-3020
023150,023150,MH에탄올,6180,9713,6190,6060
023350,023350,한국종합기술,-6460,409575,6800,-6310
023450,023450,동남합성,72000,5484,72300,68500
023530,023530,롯데쇼핑,193500,69097,194500,-192000
023590,023590,다우기술,-21650,88299,-21850,-21400
023800,023800,인지컨트롤스,-8050,613342,8360,-7900
023810,023810,인팩,-4695,434498,-4920,-4530
023960,023960,에쓰씨엔지니어링,1730,8761,1730,-1690
024070,024070,WISCOM,3000,6965,3015,-2925
024090,024090,디씨엠,11050,11060,11050,-10800
024110,024110,기업은행,14100,995928,14100,-13800
024720,024720,한국콜마홀딩스,32750,287940,32900,31100
024890,024890,대원화성,2020,452752,2040,-1950
024900,024900,덕양산업,1425,161361,1440,-1410
025000,025000,KPX케미칼,-55800,2929,-56000,-55100
025530,025530,SJM홀딩스,3370,10495,3400,3325
025540,025540,한국단자,50500,34021,50500,-48100
025560,025560,미래산업,181,5712079,184,177
025620,025620,제이준코스메틱,10450,875155,10700,10200
025750,025750,한솔홈데코,-1605,968172,1640,-1595
025820,025820,이구산업,-2110,328642,2210,-2085
025860,025860,남해화학,14000,320058,14150,-13700
025890,025890,한국주강,2305,99257,2345,-2270
026890,026890,디피씨,6430,3273243,6650,6360
026940,026940,부국철강,-3290,913962,3475,-3265
026960,026960,동서,19450,77323,19450,-18950
027390,027390,한화갤러리아타임월드,-29400,15500,-29400,-28800
027410,027410,BGF,-7910,117966,7980,-7850
027740,027740,마니커,832,881755,835,-826
027970,027970,세하,-1515,492239,1575,-1485
028050,028050,삼성엔지니어링,-15700,1462944,15800,-15250
028100,028100,동아지질,-18950,294656,19900,-18800
028260,028260,삼성물산,117500,396098,117500,-114000
02826K,02826K,삼성물산우B,-72400,1397,73100,-72000
028670,028670,팬오션,-4285,1685210,4375,-4235
029460,029460,케이씨,15650,354268,15700,-14450
029530,029530,신도리코,49650,7200,49800,-48750
029780,029780,삼성카드,34400,157985,34400,-32950
030000,030000,제일기획,25400,405946,25400,-24450
030200,030200,KT,28550,1103434,28550,-28200
030210,030210,KTB투자증권,-3315,191319,3330,-3290
030610,030610,교보증권,9540,34549,9620,-9450
030720,030720,동원수산,-9520,46193,9690,-9410
030790,030790,동양네트웍스,-2190,571153,2260,-2190
031430,031430,신세계인터내셔날,-201500,25350,209000,-201500
031440,031440,신세계푸드,94200,18553,94200,-92000
031820,031820,콤텍시스템,1600,1541293,1610,-1550
032350,032350,롯데관광개발,14500,396892,14550,-13800
032560,032560,황금에스티,-11350,141874,11650,-11000
032640,032640,LG유플러스,14950,3714029,14950,-14600
032830,032830,삼성생명,90800,344676,90800,-88700
033180,033180,필룩스,11950,804476,12150,11900
033240,033240,자화전자,14350,252924,14400,-13950
033250,033250,체시스,982,322592,996,965
033270,033270,유나이티드제약,24600,41477,24600,-24350
033530,033530,세종공업,-7120,479079,7500,-7050
033660,033660,아주캐피탈,-8770,98997,8940,-8720
033780,033780,KT&G,99500,344089,99500,-97900
033920,033920,무학,14500,38093,14500,-13600
034020,034020,두산중공업,-9420,5235166,-9820,-9280
034120,034120,SBS,23700,32890,23700,-23200
034220,034220,LG디스플레이,19400,1997138,19450,-18900
034300,034300,신세계건설,27000,7779,27200,-26550
034310,034310,NICE,-18100,53825,18500,-18050
034590,034590,인천도시가스,29150,796,29150,-29000
034730,034730,SK,277500,132311,277500,-266000
03473K,03473K,SK우,-140500,1425,141000,-139000
034830,034830,한국토지신탁,-2595,267023,2630,-2585
035000,035000,지투알,-7940,9520,7970,-7810
035150,035150,백산,-6900,62928,7080,-6860
035250,035250,강원랜드,34550,626877,34550,-33250
035420,035420,NAVER,127500,700427,130500,125000
035510,035510,신세계 I&C,142500,27088,144000,-133500
035720,035720,카카오,100500,849160,101000,-96100
036460,036460,한국가스공사,54700,118187,54700,-53400
036530,036530,S&T홀딩스,13000,21461,13100,-12800
036570,036570,엔씨소프트,448000,302509,448000,433000
036580,036580,팜스코,8020,58753,8020,-7810
037270,037270,YG PLUS,2120,56801,2120,-2075
037560,037560,CJ헬로,10500,2412280,11000,-10350
037710,037710,광주신세계,205000,307,205500,-202500
039130,039130,하나투어,65500,91271,65800,-65100
039490,039490,키움증권,82500,75751,82900,-81400
039570,039570,HDC아이콘트롤스,10800,81887,10900,-10300
041650,041650,상신브레이크,4355,21666,4365,-4295
042660,042660,대우조선해양,-31000,1021013,32400,-30550
042670,042670,두산인프라코어,-7470,7820860,7910,-7440
042700,042700,한미반도체,8920,297184,9060,-8690
044380,044380,주연테크,438,18921000,467,395
044450,044450,KSS해운,6780,39384,6840,-6710
044820,044820,코스맥스비티아이,20800,64012,20800,19650
047040,047040,대우건설,-5130,1321645,5160,-5060
047050,047050,포스코대우,19250,306999,19250,-18750
047400,047400,유니온머티리얼,-2040,213180,-2075,-2005
047810,047810,한국항공우주,35200,1897778,35200,33600
049770,049770,동원F&B,-277500,5079,-279000,-274000
049800,049800,우진플라임,-7280,289543,-7390,-7050
051600,051600,한전KPS,33800,265634,33800,-32650
051630,051630,진양화학,-6240,338588,6340,-6080
051900,051900,LG생활건강,1233000,32915,1233000,-1204000
051905,051905,LG생활건강우,705000,1151,710000,702000
051910,051910,LG화학,380000,174263,380000,-373000
051915,051915,LG화학우,209500,9190,210000,-206500
052690,052690,한전기술,25550,128647,25550,-24750
053210,053210,스카이라이프,-11650,38161,11750,-11500
053690,053690,한미글로벌,-13100,497178,13750,-12900
055490,055490,테이팩스,-23050,11471,23650,-23000
055550,055550,신한지주,44250,1328083,44250,-42900
057050,057050,현대홈쇼핑,106000,25756,106000,-101500
058430,058430,포스코강판,20550,2700,20550,-20350
058650,058650,세아홀딩스,-95700,731,-96400,-95100
058730,058730,다스코,9670,494052,9730,-9200
058850,058850,KTcs,-2600,451403,2685,-2585
058860,058860,케이티스,-2940,324504,3045,-2920
060980,060980,한라홀딩스,42950,23243,42950,-41550
063160,063160,종근당바이오,-22300,6260,22350,-21900
064350,064350,현대로템,-27850,950687,28300,-27350
064960,064960,S&T모티브,-34550,40115,34950,-34200
066570,066570,LG전자,72300,799937,73000,-70500
066575,066575,LG전자우,28900,37908,29200,-28600
067830,067830,세이브존I&C,4140,18835,4180,4135
068270,068270,셀트리온,-210000,672355,213000,-206500
068290,068290,삼성출판사,17000,341638,17100,-16350
068400,068400,AJ렌터카,11900,347691,12100,11650
069260,069260,휴켐스,22350,159803,22350,-21450
069460,069460,대호에이엘,5420,0,0,0
069500,069500,KODEX 200,29215,4946913,29215,-28710
069620,069620,대웅제약,-203500,59006,-204000,-199000
069640,069640,한세엠케이,8100,48028,8110,-7750
069660,069660,KOSEF 200,29570,103613,29570,-29075
069730,069730,DSR제강,6610,2487486,6740,-6310
069960,069960,현대백화점,95200,124693,95200,-92700
070960,070960,용평리조트,-10750,2079044,-11100,-10400
071050,071050,한국금융지주,62600,172364,62600,-61400
071055,071055,한국금융지주우,35800,4662,35950,-35250
071090,071090,하이스틸,-31900,16288,32700,-31150
071320,071320,지역난방공사,57500,8807,57500,-56200
071840,071840,롯데하이마트,-47000,187806,48200,-46550
071950,071950,코아스,-2030,3559844,2045,-1910
071970,071970,STX중공업,-6780,224301,7090,-6770
072130,072130,유엔젤,-4440,269764,4665,-4410
072710,072710,농심홀딩스,81600,3273,81700,-80900
073240,073240,금호타이어,5080,526283,5080,-4985
074610,074610,나노메딕스,-6800,387207,7000,-6630
075180,075180,새론오토모티브,5300,975,5300,-5250
075580,075580,세진중공업,4515,213924,4540,-4320
077500,077500,유니퀘스트,7610,88612,7660,-7390
077970,077970,STX엔진,7900,531677,8990,7660
078000,078000,텔코웨어,14150,41298,14200,-13900
078520,078520,에이블씨엔씨,12000,361289,12600,11750
078930,078930,GS,53900,196248,53900,-52400
078935,078935,GS우,36600,1909,36650,-36200
079160,079160,CJ CGV,-40500,258631,-40550,-39650
079430,079430,현대리바트,19600,136467,19600,-19050
079440,079440,오렌지라이프,-34150,192969,34800,-34150
079550,079550,LIG넥스원,36450,177937,36450,-35850
079660,079660,사조해표,10300,22074,10350,-10150
079980,079980,휴비스,7930,133067,8000,-7840
081000,081000,일진다이아,-38400,249416,39750,-38200
081660,081660,휠라코리아,48550,891263,49050,46300
082640,082640,동양생명,5110,80472,5140,-5000
082740,082740,HSD엔진,-4800,943971,-5040,-4705
083370,083370,동북아12호,5000,0,0,0
083380,083380,동북아13호,5020,0,0,0
083420,083420,그린케미칼,3640,15725,3645,-3600
084010,084010,대한제강,6780,867561,6980,6520
084670,084670,동양고속,-27550,1612,28000,-27550
084680,084680,이월드,-2625,2573931,2760,-2605
084690,084690,대상홀딩스,8310,31753,8310,-8120
084695,084695,대상홀딩스우,-5760,2396,6110,-5760
084870,084870,TBH글로벌,-2800,79239,2890,-2750
085310,085310,엔케이,-2050,1624017,2115,-2035
085620,085620,미래에셋생명,5020,321054,5030,-4880
086280,086280,현대글로비스,-140500,83768,-140500,-138000
086790,086790,하나금융지주,-40500,1294796,40850,-40000
088260,088260,이리츠코크렙,-4795,59766,4810,-4790
088350,088350,한화생명,4230,2047771,4255,-4190
088790,088790,진도,-4845,143931,4950,-4645
088980,088980,맥쿼리인프라,10050,888037,10050,-9980
089470,089470,HDC현대EP,-4975,82934,5030,-4855
089590,089590,제주항공,34000,76885,34550,-33650
090080,090080,평화산업,-2605,449872,2695,-2605
090350,090350,노루페인트,-9090,53240,9240,-9030
090355,090355,노루페인트우,-12600,118458,14100,-12600
090370,090370,메타랩스,-1775,350635,1835,-1765
090430,090430,아모레퍼시픽,172500,254451,174500,170000
090435,090435,아모레퍼시픽우,97800,4530,98200,-96500
091090,091090,세원셀론텍,3995,447130,4040,-3910
091160,091160,KODEX 반도체,21620,7728,21620,-21020
091170,091170,KODEX 은행,8015,175665,8015,-7880
091180,091180,KODEX 자동차,-14480,19586,-14605,-14315
091210,091210,TIGER KRX100,47000,0,0,0
091220,091220,TIGER 은행,8240,2501,8240,-8120
091230,091230,TIGER 반도체,22045,55353,22045,-21445
091810,091810,티웨이항공,7310,144947,7380,-7250
092200,092200,디아이씨,-7170,263168,7440,-7170
092220,092220,KEC,1215,662218,1225,1205
092230,092230,KPX홀딩스,60500,550,60500,-59900
092440,092440,기신정기,3805,12505,3810,-3760
092780,092780,동양피스톤,6600,290357,6950,-6530
093050,093050,LF,25100,49844,25100,-24500
093230,093230,이아이디,204,392034,205,-200
093240,093240,형지엘리트,-2270,1097105,2325,-2205
093370,093370,후성,-8460,789615,8550,-8330
094280,094280,효성ITX,11250,185681,12000,-10800
095570,095570,AJ네트웍스,4980,44731,4980,-4840
095720,095720,웅진씽크빅,3320,1355295,3355,-3215
096760,096760,JW홀딩스,7400,117629,7400,-7160
096770,096770,SK이노베이션,-183500,215344,-183500,-180000
096775,096775,SK이노베이션우,-123000,3317,-124000,-122500
097230,097230,한진중공업,1190,0,0,0
097750,097750,TREX 중소형가치,8275,4,8275,-8225
097950,097950,CJ제일제당,339500,41054,339500,-331000
097955,097955,CJ제일제당 우,128000,2754,128500,-126000
098560,098560,TIGER 방송통신,-10045,1903,-10050,-9965
099140,099140,KODEX China H,20860,5444,20920,-20745
100220,100220,비상교육,7400,19677,7490,-7350
100250,100250,진양홀딩스,2690,36787,2705,-2670
100840,100840,S&TC,13300,4661,13300,-12850
100910,100910,KOSEF KRX100,4730,69,4730,-4675
101060,101060,SBS미디어홀딩스,2355,34084,2365,-2340
101140,101140,아티스,-4770,151563,4900,-4750
101280,101280,KODEX 일본TOPIX100,12100,190,12100,12085
101530,101530,해태제과식품,11600,110143,11750,-11150
102110,102110,TIGER 200,29105,2484258,29105,-28620
102260,102260,동성코퍼레이션,5300,226660,5440,-5160
102280,102280,쌍방울,1160,1553820,1160,1130
102460,102460,이연제약,16300,17751,16300,-15800
102780,102780,KODEX 삼성그룹,6920,59639,6920,-6795
102960,102960,KODEX 기계장비,-5195,75292,-5260,-5115
102970,102970,KODEX 증권,6655,54169,6655,-6580
103130,103130,웅진에너지,-1710,98194,1730,-1685
103140,103140,풍산,28800,80386,28800,-28250
103590,103590,일진전기,-3695,81553,3785,-3665
104520,104520,KOSEF 블루칩,8330,272,8330,-8150
104530,104530,KOSEF 고배당,8525,5082,8525,-8405
104700,104700,한국철강,5730,74667,5780,-5610
105010,105010,TIGER 라틴35,-4050,500,4075,-4030
105190,105190,KINDEX 200,29505,182226,29505,-29020
105560,105560,KB금융,46200,1523586,46300,-45800
105630,105630,한세실업,23900,620162,23900,-21400
105780,105780,KBSTAR 5대그룹주,5580,20124,5580,-5500
105840,105840,우진,-6450,2941386,7010,-6260
107590,107590,미원홀딩스,39300,7036,39600,37400
108450,108450,KINDEX 삼성그룹섹터가중,10250,50492,10250,-10110
108590,108590,TREX 200,29540,52,29540,-29055
108670,108670,LG하우시스,-67300,87506,69000,-65900
108675,108675,LG하우시스우,-31400,1053,31550,-31000
109070,109070,컨버즈,-4060,74082,4160,-4035
111110,111110,호전실업,11200,40777,11200,-10600
111770,111770,영원무역,37250,162188,37300,-35550
112610,112610,씨에스윈드,29900,53419,30150,-28750
114090,114090,GKL,23050,435439,23050,-22500
114100,114100,KBSTAR 국고채3년,111680,10398,111705,111680
114260,114260,KODEX 국고채3년,55815,13784,55820,-55795
114460,114460,KINDEX 중기국고채,-106105,1,-106105,-106105
114470,114470,KOSEF 국고채3년,111235,4,111235,111235
114800,114800,KODEX 인버스,-6610,8937780,6725,-6610
114820,114820,TIGER 국채3년,109950,3285,109965,109940
115390,115390,락앤락,19850,111126,19850,-19200
117460,117460,KODEX 에너지화학,12105,631,12105,-11950
117580,117580,대성에너지,-5370,3973,5390,-5340
117680,117680,KODEX 철강,8090,3783,8090,-7935
117690,117690,TIGER 차이나항셍25,-16810,154,16855,-16800
117700,117700,KODEX 건설,3390,101751,3390,-3330
118000,118000,우리들휴브레인,-2950,291422,-3055,-2880
119650,119650,KC코트렐,5450,88076,5480,-5300
120030,120030,조선선재,94100,6161,95500,-92500
120110,120110,코오롱인더,60200,95522,60200,-59300
120115,120115,코오롱인더우,-25250,1919,25600,-25050
122090,122090,ARIRANG 코스피50,19605,11574,19605,-19300
122260,122260,KOSEF 통안채1년,101105,150491,101105,-101060
122630,122630,KODEX 레버리지,13750,13918173,13750,-13295
122900,122900,아이마켓코리아,-8660,156198,8980,-8630
123310,123310,TIGER 인버스,-7160,363923,7280,-7160
123320,123320,TIGER 레버리지,12730,58077,12730,-12315
123690,123690,한국화장품,12300,941676,12750,11950
123700,123700,SJM,3300,9359,3370,-3230
123890,123890,한국자산신탁,4400,40934,4430,-4360
126560,126560,현대에이치씨엔,4225,60951,4280,-4185
128820,128820,대성산업,5230,89425,5250,-5070
128940,128940,한미약품,-467500,40751,470500,-458000
129260,129260,인터지스,2885,523191,2980,2800
130660,130660,한전산업,-4060,257682,4230,-4030
130680,130680,TIGER 원유선물Enhanced(H),4075,243095,4080,4045
130730,130730,KOSEF 단기자금,101010,10215,101010,101005
131890,131890,KINDEX 삼성그룹동일가중,14040,20,14040,-13915
132030,132030,KODEX 골드선물(H),-9530,36166,-9530,-9510
133690,133690,TIGER 미국나스닥100,35515,3958,35515,-35070
133820,133820,화인베스틸,-3250,647039,3395,-3225
134380,134380,미원화학,-40600,728,40800,-40300
134790,134790,시디즈,-38650,3545,39700,-38400
136340,136340,KBSTAR 중기우량회사채,103460,165,103470,-103405
136490,136490,선진,-11650,34574,11800,-11500
137610,137610,TIGER 농산물선물Enhanced(H),4970,7590,4975,4925
137930,137930,마이다스 200커버드콜5%OTM,12615,0,0,0
138040,138040,메리츠금융지주,12400,29952,12450,-12200
138230,138230,KOSEF 미국달러선물,11695,12322,11705,11680
138250,138250,엔에스쇼핑,-13250,3150,13450,-13100
138490,138490,코오롱플라스틱,6580,38130,6610,-6500
138520,138520,TIGER 삼성그룹펀더멘털,9485,17,9485,9325
138530,138530,TIGER LG그룹+펀더멘털,7810,231,7810,-7720
138540,138540,TIGER 현대차그룹+펀더멘털,-17140,2036,-17290,-17000
138910,138910,KODEX 구리선물(H),-5525,1235,5540,-5500
138920,138920,KODEX 콩선물(H),-8890,3552,-8895,-8855
138930,138930,BNK금융지주,7350,1217481,7350,-7210
139130,139130,DGB금융지주,-8760,553516,8890,-8730
139220,139220,TIGER 200 건설,-3015,22164,3025,-2965
139230,139230,TIGER 200 중공업,-3300,111463,-3350,-3250
139240,139240,TIGER 200 철강소재,8470,100909,8470,-8305
139250,139250,TIGER 200 에너지화학,14065,4642,14065,-13780
139260,139260,TIGER 200 IT,21885,31658,21885,-21430
139270,139270,TIGER 200 금융,7715,1870,7715,-7610
139280,139280,TIGER 경기방어,11505,17785,11505,-11315
139290,139290,TIGER 200 경기소비재,-14250,2,-14250,-14230
139310,139310,TIGER 금속선물(H),5120,2008,5120,5120
139320,139320,TIGER 금은선물(H),-7480,338,-7480,-7420
139480,139480,이마트,182000,262827,182000,-173000
139660,139660,KOSEF 미국달러선물인버스,-10930,224,-10935,-10930
140570,140570,KBSTAR 수출주,-9220,12,-9230,-9150
140580,140580,KBSTAR 우량업종,-11035,2554,-11035,-10940
140700,140700,KODEX 보험,8440,3176,8440,-8320
140710,140710,KODEX 운송,3065,8461,3065,-3030
140890,140890,트러스제7호,3070,416,3095,3030
140910,140910,에이리츠,-5680,7989,5810,-5640
140950,140950,파워 코스피100,22515,130,22515,-22160
143210,143210,핸즈코퍼레이션,6900,6086,6910,-6750
143460,143460,KINDEX 밸류대형,7295,72267,7295,-7210
143850,143850,TIGER 미국S&P500선물(H),32475,5422,32475,-32315
143860,143860,TIGER 헬스케어,-35950,17716,36190,-35725
144600,144600,KODEX 은선물(H),-3535,28762,-3555,-3535
144620,144620,코오롱머티리얼,-3250,591732,3450,-3245
145210,145210,세화아이엠씨,2990,0,0,0
145270,145270,케이탑리츠,1090,782865,1100,-1065
145670,145670,KINDEX 인버스,-7980,867,8100,-7980
145720,145720,덴티움,77100,53453,79300,-75200
145850,145850,TREX 펀더멘탈 200,30185,1,30185,30185
145990,145990,삼양사,62600,17357,62700,-60200
145995,145995,삼양사우,37600,1021,40400,-36550
147970,147970,TIGER 모멘텀,21375,1100,21380,-21085
148020,148020,KBSTAR 200,29235,924473,29235,-28755
148070,148070,KOSEF 국고채10년,121295,771,121380,-121200
150460,150460,TIGER 중국소비테마,7695,35269,7695,-7565
152100,152100,ARIRANG 200,29470,120583,29470,-28980
152280,152280,KOSEF 200 선물,12730,154,12730,-12520
152330,152330,코리아오토글라스,13750,77580,13800,-13550
152380,152380,KODEX 국채선물10년,-68525,520,68585,-68500
152500,152500,KINDEX 레버리지,5340,13596,5340,-5180
152870,152870,파워 200,29730,10108,29730,-29230
153130,153130,KODEX 단기채권,100250,28009,100255,100250
153270,153270,KOSEF 코스피100,22530,57,22530,-22095
153360,153360,하이골드3호,-1870,15445,-1875,-1860
155660,155660,DSR,-5350,732466,5440,-5130
155900,155900,바다로19호,-2900,1306,2905,-2900
156080,156080,KODEX MSCI Korea,-13340,110,-13340,-13340
157450,157450,TIGER 단기통안채,100250,243,100250,100250
157490,157490,TIGER 소프트웨어,7395,142681,7395,7250
157500,157500,TIGER 증권,3885,103488,3885,-3840
159650,159650,하이골드8호,-1340,40821,1350,-1310
159800,159800,마이티 코스피100,22175,27,22175,22040
160580,160580,TIGER 구리실물,6650,2137,6650,6600
161000,161000,애경유화,-10050,319002,10100,-9820
161390,161390,한국타이어,-41600,453378,-42500,-40850
161510,161510,ARIRANG 고배당주,13080,204133,13080,-12885
161890,161890,한국콜마,72600,768881,74000,69700
163560,163560,동일고무벨트,6830,9424,6840,6680
166400,166400,TIGER 200커버드콜5%OTM,12710,1,12710,12710
167860,167860,KOSEF 국고채10년레버리지,130925,107,131085,-130615
168300,168300,KTOP 코스피50,19970,103,19970,-19605
168580,168580,KINDEX 중국본토CSI300,19625,117013,19625,-19255
169950,169950,KODEX 중국본토 A50,14990,7738,14995,14910
170350,170350,TIGER 베타플러스,12985,552,12985,-12930
170900,170900,동아에스티,-103000,26776,104000,-101500
172580,172580,하이골드12호,2900,936,2900,-2885
174350,174350,TIGER 로우볼,12820,41538,12820,-12575
174360,174360,KBSTAR 중국본토대형주CSI100,14145,3908,14295,-14035
175330,175330,JB금융지주,-6130,222578,6210,-6120
176710,176710,파워 중기국고채,101095,82,101095,101095
176950,176950,KODEX 국채선물10년인버스,46880,11,46880,-46830
180640,180640,한진칼,26750,1117512,27950,-26650
18064K,18064K,한진칼우,18450,210628,22100,18000
181480,181480,KINDEX 미국다우존스리츠(합성 H),74465,6,74850,74465
181710,181710,NHN엔터테인먼트,72100,673236,74100,-63200
182480,182480,TIGER 미국MSCI리츠(합성 H),13120,272180,13130,13035
182490,182490,TIGER 단기선진하이일드(합성 H),-11430,5644,11485,-11430
183190,183190,아세아시멘트,-134500,7484,136500,-132500
183700,183700,KBSTAR 채권혼합,55695,162,55695,-55545
183710,183710,KBSTAR 주식혼합,33640,463,33640,-33410
185680,185680,KODEX 미국S&P바이오(합성),21145,202,21145,-21075
185750,185750,종근당,107000,31247,107000,-102500
189400,189400,ARIRANG 글로벌MSCI(합성 H),12645,127,12645,-12590
190150,190150,ARIRANG 바벨 채권,-114700,30,-114700,-114700
190160,190160,ARIRANG 단기유동성,109605,360,109610,109605
190620,190620,KINDEX 단기통안채,100330,500,100330,100330
192090,192090,TIGER 차이나CSI300,7465,1136379,7500,-7385
192400,192400,쿠쿠홀딩스,137500,6621,139000,-134000
192720,192720,파워 고배당저변동성,29890,870,29890,-29430
192820,192820,코스맥스,130500,155757,136500,130500
194370,194370,제이에스코퍼레이션,-12600,27381,12700,-12300
195870,195870,해성디에스,14000,60204,14200,-13700
195920,195920,TIGER 일본TOPIX(합성 H),-13105,241,13160,-13095
195930,195930,TIGER 유로스탁스50(합성 H),10660,423,10660,-10600
195970,195970,ARIRANG 선진국MSCI(합성 H),9815,682,9815,9785
195980,195980,ARIRANG 신흥국MSCI(합성 H),-10345,7684,-10425,-10340
196030,196030,KINDEX 일본TOPIX레버리지(H),14380,4722,14440,-14300
196220,196220,KBSTAR 일본TOPIX레버리지(H),13815,332,13830,13765
196230,196230,KBSTAR 단기통안채,103705,2061,103715,103705
200020,200020,KODEX 미국S&P IT(합성),19725,49,19725,19700
200030,200030,KODEX 미국S&P산업재(합성),14735,3681,14850,14720
200040,200040,KODEX 미국S&P금융(합성),15230,65,15320,15230
200250,200250,KOSEF 인도Nifty50(합성),-12175,4413,12305,-12130
200880,200880,서연이화,-5090,125185,5190,-5000
203780,203780,TIGER 미국나스닥바이오,-14360,3232,14410,-14350
204210,204210,모두투어리츠,3080,2392,3085,3060
204320,204320,만도,-32000,365380,32350,-31550
204420,204420,ARIRANG 차이나H 레버리지(합성 H),-7205,356,7235,-7165
204450,204450,KODEX China H 레버리지(H),-8280,50401,-8295,-8150
204480,204480,TIGER 차이나CSI300레버리지(합성),14530,297104,14530,-14300
205720,205720,KINDEX 일본TOPIX인버스(합성 H),6235,5458,6280,-6215
207940,207940,삼성바이오로직스,382000,109071,382000,-375000
208470,208470,SMART 선진국MSCI World(합성 H),12525,776,12525,12525
210540,210540,디와이파워,15500,102597,15750,15200
210780,210780,TIGER 코스피고배당,12495,155642,12495,-12320
210980,210980,SK디앤디,-30200,6646,30600,-30000
211210,211210,마이티 코스피고배당,12535,0,0,0
211260,211260,KINDEX 배당성장,31480,20,31480,-31185
211560,211560,TIGER 배당성장,15525,873,15525,-15275
211900,211900,KODEX 배당성장,12400,1646,12400,-12225
213500,213500,한솔제지,17050,87990,17250,-16850
213610,213610,KODEX 삼성그룹밸류,7650,165,7650,-7540
213630,213630,ARIRANG 미국다우존스고배당주(합성 H),12715,823,12720,-12655
214320,214320,이노션,71000,113101,71200,-67900
214330,214330,금호에이치티,-6610,155859,6710,-6450
214390,214390,경보제약,10700,21921,10700,-10500
214420,214420,토니모리,12850,620795,13450,12250
214980,214980,KODEX 단기채권PLUS,100270,6097,100270,100265
215620,215620,흥국 S&P코리아로우볼,11135,0,0,0
217770,217770,TIGER 원유선물인버스(H),-10455,2011,-10555,-10455
217780,217780,TIGER 차이나CSI300인버스(합성),13440,205318,13645,13420
217790,217790,TIGER 가격조정,23410,435,23410,-23010
218420,218420,KODEX 미국S&P에너지(합성),8230,2678,8235,8160
219390,219390,KBSTAR 미국S&P원유생산기업(합성 H),5695,12644,5700,5665
219480,219480,KODEX 미국S&P500선물(H),13205,3765,13205,-13135
219900,219900,KINDEX 중국본토CSI300레버리지(합성),2620,134612,2630,-2565
220130,220130,SMART 중국본토 중소형 CSI500(합성 H),3500,520,3500,3490
222180,222180,ARIRANG 스마트베타 Value,-10185,5274,-10190,-10095
222190,222190,ARIRANG 스마트베타 Momentum,8800,4476,8825,-8715
222200,222200,ARIRANG 스마트베타 Quality,9430,7269,9465,-9325
223190,223190,KODEX 200가치저변동,8655,20866,8655,-8545
225030,225030,TIGER 미국S&P500선물인버스(H),-6980,31868,7015,-6980
225040,225040,TIGER 미국S&P500레버리지(합성 H),-15355,71882,-15370,-15235
225050,225050,TIGER 유로스탁스레버리지(합성 H),7155,1573,7180,-7080
225060,225060,TIGER 이머징마켓MSCI레버리지(합성 H),-11095,9090,-11200,-10995
225130,225130,KINDEX 골드선물 레버리지(합성 H),-11425,14733,-11480,-11370
225800,225800,KOSEF 미국달러선물 레버리지(합성),8685,40196,8700,8670
226320,226320,잇츠한불,27250,156320,28300,27100
226380,226380,KINDEX 한류,6900,162,6965,-6855
226490,226490,KODEX 코스피,22680,1441876,22680,-22325
226810,226810,파워 단기채,105285,0,0,0
226980,226980,KODEX 200 중소형,10245,155,10245,-10110
227540,227540,TIGER 200 헬스케어,-20970,6110,21070,-20850
227550,227550,TIGER 200 산업재,5225,53,5225,5175
227560,227560,TIGER 200 생활소비재,12100,42,12100,-11930
227570,227570,TIGER 우량가치,-12120,556,-12120,-11990
227830,227830,ARIRANG 코스피,22765,2076,22765,-22605
227840,227840,현대코퍼레이션홀딩스,-17700,49537,18050,-17400
228790,228790,TIGER 화장품,3655,151101,3665,3575
228800,228800,TIGER 여행레저,-4665,13906,-4705,-4650
228810,228810,TIGER 미디어컨텐츠,-6810,10799,-6810,-6740
228820,228820,TIGER KTOP30,7015,67178,7015,-6975
229200,229200,KODEX 코스닥 150,12525,5209599,12565,-12435
229640,229640,LS전선아시아,-6280,12654,6350,-6200
229720,229720,KODEX KTOP30,14320,2,14320,14120
230480,230480,KOSEF 미국달러선물 인버스2X(합성),-9525,47492,-9545,-9515
232080,232080,TIGER 코스닥150,12520,3826781,12550,-12430
232590,232590,KINDEX 골드선물 인버스2X(합성 H),6040,587,6055,6015
233160,233160,TIGER 코스닥150 레버리지,14150,704378,14210,-13930
233740,233740,KODEX 코스닥150 레버리지,13455,14564425,13535,-13260
234080,234080,JW생명과학,21900,74378,22050,-21400
234310,234310,KBSTAR V&S셀렉트밸류,11055,55,11095,-10980
236350,236350,TIGER 인도니프티50레버리지(합성),-13360,3987,-13450,-13240
236460,236460,ARIRANG 스마트베타 LowVOL,10245,6190,10245,-10115
237350,237350,KODEX 코스피100,22195,125,22195,-22005
237370,237370,KODEX 배당성장채권혼합,10750,4872,10755,-10715
237440,237440,TIGER 경기방어채권혼합,9595,3276,9595,-9555
238670,238670,ARIRANG 스마트베타Quality채권혼합,10235,90,10235,-10185
238720,238720,KINDEX 일본Nikkei225(H),13680,1247,13695,-13555
239660,239660,ARIRANG 우량회사채50 1년,104995,32,105000,104985
241180,241180,TIGER 일본니케이225,-12615,388,12645,-12595
241390,241390,KBSTAR V&S셀렉트밸류채권혼합,10455,188,10455,-10415
241560,241560,두산밥캣,-31000,558705,-31800,-30650
241590,241590,화승엔터프라이즈,10350,276978,10700,-9760
243880,243880,TIGER 200IT레버리지,24900,111012,24900,-24080
243890,243890,TIGER 200에너지화학레버리지,12070,1657,12070,-11670
244580,244580,KODEX 바이오,-11315,17617,-11335,-11215
244620,244620,KODEX 모멘텀Plus,9865,18740,9865,-9750
244660,244660,KODEX 퀄리티Plus,10015,13328,10045,-9895
244670,244670,KODEX 밸류Plus,9470,5022,9470,-9335
245340,245340,TIGER 미국다우존스30,14420,1767,14425,-14365
245350,245350,TIGER 유로스탁스배당30,11590,628,11600,-11575
245360,245360,TIGER 차이나HSCEI,12950,3309,12950,-12860
245710,245710,KINDEX 베트남VN30(합성),13280,190689,13510,-13115
247780,247780,KODEX 가치투자,-11000,2706,-11020,-10890
247790,247790,KODEX 성장투자,9975,2892,10000,-9865
247800,247800,KODEX 턴어라운드투자,-12270,3159,-12290,-12120
248170,248170,샘표식품,31700,9966,32000,-31300
248260,248260,TIGER 일본TOPIX헬스케어(합성),10065,1149,10115,10065
248270,248270,TIGER S&P글로벌헬스케어(합성),-11910,9287,11990,-11885
249420,249420,일동제약,19950,61688,20000,-19700
250730,250730,KBSTAR 차이나HSCEI(H),12555,400,12610,-12450
250780,250780,TIGER 코스닥150선물인버스,-6895,293374,6950,-6885
251270,251270,넷마블,124000,459918,124000,-117000
251340,251340,KODEX 코스닥150선물인버스,6805,13598892,6855,-6785
251350,251350,KODEX 선진국MSCI World,12530,3550,12565,-12505
251590,251590,ARIRANG 고배당저변동50,10850,4633,10850,-10660
251600,251600,ARIRANG 고배당주채권혼합,10745,2051,10745,-10705
251890,251890,KINDEX 코스닥(합성),10785,0,0,0
252000,252000,TIGER 200동일가중,10265,52151,10295,10245
252400,252400,KBSTAR 200선물레버리지,12435,4500,12435,-12020
252410,252410,KBSTAR 200선물인버스,-8495,1353,8605,-8495
252420,252420,KBSTAR 200선물인버스2X,-6820,75601,7055,-6820
252650,252650,KODEX 200동일가중,10295,3,10295,-10155
252670,252670,KODEX 200선물인버스2X,-6805,16382971,7035,-6805
252710,252710,TIGER 200선물인버스2X,-6910,1624081,7150,-6910
252720,252720,KBSTAR 모멘텀밸류,11565,6873,11565,-11440
252730,252730,KBSTAR 모멘텀로우볼,11695,8722,11695,-11420
253150,253150,ARIRANG 200선물레버리지,24755,6339,24755,-24000
253160,253160,ARIRANG 200선물인버스2X,-13625,43831,14110,-13625
253230,253230,KOSEF 200선물인버스2X,-6815,47857,7050,-6815
253240,253240,KOSEF 200선물인버스,-8510,114,8660,-8510
253250,253250,KOSEF 200선물레버리지,12460,1182,12460,-12055
253280,253280,KBSTAR 헬스케어,-11640,171,-11660,-11525
253290,253290,KBSTAR 헬스케어채권혼합,-10755,1154,-10780,-10735
253990,253990,TIGER 대만TAIEX선물(H),11990,76,11990,-11800
256440,256440,KINDEX 인도네시아MSCI(합성),-9895,6671,-9920,-9835
256450,256450,ARIRANG 심천차이넥스트(합성),5875,86,5920,5875
256750,256750,KODEX 심천ChiNext(합성),-5945,5421,5960,-5900
260200,260200,KOSEF 배당바이백Plus,15505,55,15505,-15180
260270,260270,KOSEF 저PBR가중,13900,1810,13900,-13645
261060,261060,TIGER 코스닥150IT,11590,2027,11590,-11365
261070,261070,TIGER 코스닥150바이오테크,-12295,9914,12415,-12245
261110,261110,TIGER 미국달러선물레버리지,8965,31,8990,8950
261120,261120,TIGER 미국달러선물인버스2X,-10805,190,-10815,-10795
261140,261140,TIGER 우선주,-9830,2335,9860,-9770
261220,261220,KODEX WTI원유선물(H),19250,65103,19250,19100
261240,261240,KODEX 미국달러선물,9695,7313,9700,9675
261250,261250,KODEX 미국달러선물레버리지,8980,100129,8995,8965
261260,261260,KODEX 미국달러선물인버스2X,-10815,16014,-10835,-10800
261270,261270,KODEX 미국달러선물인버스,-10545,5,-10545,-10545
261920,261920,KINDEX 필리핀MSCI(합성),15180,1821,15180,-15050
263190,263190,ARIRANG 단기우량채권,51795,1147,51795,-51780
264900,264900,크라운제과,10900,15739,10950,10800
26490K,26490K,크라운제과우,8140,5420,8170,-8080
265690,265690,KINDEX 러시아MSCI(합성),-22940,1830,-23035,-22920
266140,266140,TIGER 지속배당,-14110,251,-14110,-13985
266160,266160,KBSTAR 고배당,10510,264083,10510,-10350
266360,266360,KODEX 미디어&엔터테인먼트,10805,928,10805,-10570
266370,266370,KODEX IT,12440,1720,12440,-12235
266390,266390,KODEX 경기소비재,11345,995,11345,-11130
266410,266410,KODEX 필수소비재,9485,878,9485,9165
266420,266420,KODEX 헬스케어,-15845,3132,-15845,-15695
266550,266550,ARIRANG 중형주저변동50,9540,5419,9540,-9410
267250,267250,현대중공업지주,-350500,41836,354000,-345500
267260,267260,현대일렉트릭,-30500,88007,-30950,-30000
267270,267270,현대건설기계,-53600,180362,55100,-52500
267290,267290,경동도시가스,37900,5000,38500,-36950
267300,267300,TIGER 코스닥150로우볼,12060,2,12060,12015
267440,267440,KBSTAR 미국장기국채선물(H),-9930,1354,9970,-9930
267450,267450,KBSTAR 미국장기국채선물인버스(H),9910,100,9915,9900
267490,267490,KBSTAR 미국장기국채선물레버리지(합성 H),-9690,377,9710,-9625
267500,267500,KBSTAR 미국장기국채선물인버스2X(합성 H),9720,2990,9770,-9685
267770,267770,TIGER 200선물레버리지,10385,699555,10385,-10035
267850,267850,아시아나IDT,14500,49664,14550,-14100
268280,268280,미원에스씨,65300,8368,65300,-64000
269370,269370,TIGER S&P글로벌인프라(합성),10055,3,10055,-10020
269420,269420,KODEX S&P글로벌인프라(합성),10385,1513,10405,-10285
269530,269530,ARIRANG S&P글로벌인프라,10240,112,10250,10235
269540,269540,ARIRANG 미국S&P500(H),11400,7910,11400,-11330
270800,270800,KBSTAR KQ고배당,11625,8264,11625,-11515
270810,270810,KBSTAR 코스닥150,12400,327687,12430,-12310
271050,271050,KODEX WTI원유선물인버스(H),-14790,5090,-14885,-14790
271060,271060,KODEX 3대농산물선물(H),-8470,2064,-8475,-8440
271560,271560,오리온,116000,165955,116000,-109500
271980,271980,제일약품,46150,30829,46200,-45350
272220,272220,KINDEX 스마트모멘텀,12160,42146,12160,-12015
272230,272230,KINDEX 스마트밸류,11115,65029,11115,-10985
272450,272450,진에어,21000,99457,21150,-20550
272550,272550,삼양패키징,-19900,57396,20150,-19450
272560,272560,KBSTAR 단기국공채액티브,100320,101855,100320,100305
272570,272570,KBSTAR 중장기국공채액티브,100970,9015,100975,100955
272580,272580,TIGER 단기채권액티브,50140,2593,50145,-50110
272910,272910,KINDEX 중장기국공채액티브,100880,44,100880,-100855
273130,273130,KODEX 종합채권(AA-이상)액티브,-104630,5684,104655,-104585
273140,273140,KODEX 단기변동금리부채권액티브,100270,51,100270,100270
275280,275280,KODEX MSCI모멘텀,-9185,3849,-9185,-9120
275290,275290,KODEX MSCI밸류,9330,125,9330,-9205
275300,275300,KODEX MSCI퀄리티,9010,6943,9010,-8885
275540,275540,파워 스마트밸류,14515,10449,14515,-14260
275750,275750,KBSTAR 코스닥150선물인버스,-7100,14493,7135,-7075
275980,275980,TIGER 글로벌4차산업혁신기술(합성 H),11060,45104,11095,11060
276000,276000,TIGER 글로벌자원생산기업(합성 H),10915,949,10915,10820
276650,276650,KBSTAR 글로벌4차산업IT(합성 H),-11445,781,11520,-11440
276970,276970,KODEX 미국S&P고배당커버드콜(합성 H),9575,6330,9595,-9520
276990,276990,KODEX 글로벌4차산업로보틱스(합성),10245,2043,10255,10240
277540,277540,KINDEX S&P아시아TOP50,-10225,9999,10270,-10145
277630,277630,TIGER 코스피,22550,455551,22550,-22110
277640,277640,TIGER 코스피대형주,10870,3033,10870,-10725
277650,277650,TIGER 코스피중형주,12950,7,12950,-12775
278240,278240,KBSTAR 코스닥150선물레버리지,12915,131602,12965,-12710
278420,278420,ARIRANG ESG우수기업,-9175,1715,-9180,-9135
278530,278530,KODEX 200TR,8975,112198,8975,-8840
278540,278540,KODEX MSCI Korea TR,8855,336943,8855,-8710
278620,278620,ARIRANG 단기채권액티브,102760,89,102760,102755
279530,279530,KODEX 고배당,-9010,1968,-9010,-8940
279540,279540,KODEX 최소변동성,9615,647,9640,-9525
280320,280320,KINDEX 미국4차산업인터넷(합성 H),-12530,1419,12590,-12530
280360,280360,롯데제과,171500,1064,171500,-167000
280920,280920,ARIRANG 주도업종,8280,153,8280,-8155
280930,280930,KODEX 미국러셀2000(H),-10250,4,-10250,-10250
280940,280940,KODEX 골드선물인버스(H),10035,148,10035,10030
281820,281820,케이씨텍,16200,656338,16200,-14200
281990,281990,KBSTAR 중소형고배당,9715,2352,9715,-9570
282000,282000,KBSTAR 국고채3년선물인버스,99625,8,99625,-99615
282330,282330,BGF리테일,-194000,19932,195500,-192000
282690,282690,동아타이어,11950,618,12000,-11850
283580,283580,KODEX 중국본토CSI300,8720,185377,8720,-8620
283930,283930,KBSTAR 지주회사,8270,2917,8270,-8175
284430,284430,KODEX 200미국채혼합,10125,607,10125,-10100
284740,284740,쿠쿠홈시스,172000,3282,172500,-171000
284980,284980,KBSTAR 200금융,9285,1703,9285,9215
284990,284990,KBSTAR 200에너지화학,9255,4908,9255,-9155
285000,285000,KBSTAR 200IT,9655,25353,9655,9580
285010,285010,KBSTAR 200중공업,-10340,2840,-10525,-10230
285020,285020,KBSTAR 200철강소재,8055,3328,8055,-7915
285130,285130,SK케미칼,75000,44388,75000,-73200
28513K,28513K,SK케미칼우,26200,856,26300,-25750
285690,285690,FOCUS ESG리더스,-9155,2659,-9155,-9060
286940,286940,롯데정보통신,39800,127907,39950,-37700
287180,287180,ARIRANG 미국나스닥기술주,11515,5824,11515,-11405
287300,287300,KBSTAR 200건설,-12060,5867,12110,-11850
287310,287310,KBSTAR 200경기소비재,-8835,6029,-8845,-8720
287320,287320,KBSTAR 200산업재,9455,32,9455,9355
287330,287330,KBSTAR 200생활소비재,9050,8583,9050,-8965
289040,289040,KODEX MSCI KOREA ESG유니버설,8720,20013,8720,8720
289250,289250,TIGER MSCI KOREA ESG유니버설,8665,1,8665,8665
289260,289260,TIGER MSCI KOREA ESG리더스,8305,2,8305,-8170
289480,289480,TIGER 200커버드콜ATM,-10000,3885,-10005,-10000
289670,289670,ARIRANG 국채선물10년,-54875,20,54900,-54870
290080,290080,KBSTAR 200고배당커버드콜ATM,-10185,1417,-10225,-10180
290130,290130,KBSTAR ESG사회책임투자,9045,5,9045,-8960
291130,291130,KINDEX 멕시코MSCI(합성),-8940,252,-8940,-8910
291610,291610,KOSEF 코스닥150선물,7740,15532,7750,-7700
291620,291620,KOSEF 코스닥150선물인버스,-12165,2734,12250,-12125
291630,291630,KOSEF 코스닥150선물레버리지,5470,1024,5495,-5390
291660,291660,KODEX China H선물인버스(H),10800,631,10840,-10755
291680,291680,KBSTAR 차이나H선물인버스(H),10485,1523,10525,-10385
291890,291890,KODEX MSCI EM선물(H),-8490,5,-8500,-8490
292050,292050,KBSTAR KRX300,13550,26759,13550,-13320
292100,292100,TIGER 대형성장,8470,9553,8470,8355
292110,292110,TIGER 대형가치,9485,10402,9485,-9345
292120,292120,TIGER 중소형,8900,13,8900,-8840
292130,292130,TIGER 중소형성장,8585,100,8585,8585
292140,292140,TIGER 중소형가치,9280,101,9280,-9195
292150,292150,TIGER TOP10,8545,9196,8545,-8460
292160,292160,TIGER KRX300,13550,15551,13550,-13280
292190,292190,KODEX KRX300,13615,55719,13615,-13375
292340,292340,마이티 200커버드콜ATM레버리지,9265,0,0,0
292500,292500,SMART KRX300,13595,3410,13595,-13365
292560,292560,TIGER 일본엔선물,10095,7106,10105,-10085
292570,292570,TIGER 일본엔선물레버리지,-9985,8335,9990,-9940
292580,292580,TIGER 일본엔선물인버스,-9970,1,-9970,-9970
292590,292590,TIGER 일본엔선물인버스2X,9775,946,9800,9760
292730,292730,FOCUS KRX300,13500,5,13500,-13345
292750,292750,ARIRANG KRX300,13445,76,13445,-13345
292770,292770,KODEX 국채선물3년인버스,49795,4,49795,-49790
293180,293180,HANARO 200,29235,61271,29235,-28745
293480,293480,하나제약,25700,171374,26200,-25350
293940,293940,신한알파리츠,-5660,29523,5690,-5630
294400,294400,KOSEF 200TR,32615,331551,32615,-32040
294870,294870,HDC현대산업개발,52000,115160,52000,-49950
295000,295000,KBSTAR 국채선물10년,-54090,6,54135,-54090
295020,295020,KBSTAR 국채선물10년인버스,47185,6,47185,-47145
295040,295040,SMART 200TR,9325,1049,9325,-9180
295820,295820,ARIRANG 200동일가중,9220,1797,9220,-9090
295840,295840,ARIRANG 200밸류,9110,9578,9110,-9040
295860,295860,ARIRANG 200모멘텀,8905,4967,8930,-8835
295880,295880,ARIRANG 200퀄리티,9055,3802,9075,-8975
295890,295890,ARIRANG 200로우볼,9285,3998,9285,-9195
296710,296710,KODEX FnKorea50,9100,0,0,0
298000,298000,효성화학,-149000,16038,152500,-147000
298020,298020,효성티앤씨,171000,6334,171500,-167000
298040,298040,효성중공업,46900,54412,47000,-45850
298050,298050,효성첨단소재,127000,27499,127500,-120500
298340,298340,ARIRANG 국채선물3년,51420,60800,51430,51400
298690,298690,에어부산,-4610,384008,4720,-4575
298770,298770,KODEX 한국대만IT프리미어,-9235,1,-9235,-9235
299070,299070,KINDEX 국채선물10년인버스,94490,10,94490,94490
299080,299080,KINDEX 국채선물3년인버스,99285,10,99285,99285
300280,300280,KBSTAR 중소형모멘텀로우볼,9090,15,9090,-9005
300290,300290,KBSTAR 중소형모멘텀밸류,-9720,5,-9720,-9675
300300,300300,KBSTAR KQ모멘텀로우볼,8610,9,8610,-8560
300310,300310,KBSTAR KQ모멘텀밸류,9405,5,9405,-9350
300610,300610,TIGER K게임,8805,45,8805,8705
300640,300640,KBSTAR 게임테마,9060,24,9090,-8910
300720,300720,한일시멘트,140000,7437,142000,-136000
300950,300950,KODEX 게임산업,9630,1037,9630,-9385
301400,301400,ARIRANG 코스닥150,-12365,51,12390,-12305
301410,301410,ARIRANG 코스닥150선물인버스,10750,1657,10810,-10710
301440,301440,ARIRANG 코스피중형주,-9340,222,9460,-9330
302170,302170,TIGER 국채선물3년인버스,49795,5,49795,49795
302180,302180,TIGER 국채선물10년인버스,48070,5,48070,48070
302190,302190,TIGER 중장기국채,51960,59299,51970,51945
302200,302200,TIGER 중장기국채선물인버스,48880,4,48880,48880
302210,302210,TIGER 중장기국채선물인버스2X,47455,24,47455,47455
302450,302450,KBSTAR 코스피,22480,10,22480,-22285
304660,304660,KODEX 미국채울트라30년선물(H),-10170,2607,10185,-10170
304670,304670,KODEX 미국채울트라30년선물인버스(H),9840,1,9840,9840
304760,304760,HANARO KRX300,13525,67,13525,-13295
304770,304770,HANARO 코스닥150,12375,272,12390,-12260
304780,304780,HANARO 200선물레버리지,14885,1184,14885,-14380
304940,304940,KODEX 미국나스닥100선물(H),9180,253,9180,-9125
305050,305050,KINDEX 코스피,22610,22047,22610,-22370
305080,305080,TIGER 미국채10년선물,10315,2546,10340,-10300
305540,305540,TIGER 2차전지테마,8690,107096,8690,-8550
305720,305720,KODEX 2차전지산업,9310,10620,9310,-9150
306200,306200,세아제강,66700,1873,67500,65700
306520,306520,HANARO 200선물인버스,-15050,487,15310,-15050
306530,306530,HANARO 코스닥150선물레버리지,11215,1204,11255,-11055
306540,306540,HANARO 단기통안채,100665,0,0,0
306950,306950,KODEX KRX300레버리지,10840,6650,10840,-10520
306960,306960,KODEX KRX300선물인버스,-9520,318,-9555,-9520
307010,307010,KBSTAR KRX300레버리지,10850,307,10850,-10545
307020,307020,KBSTAR KRX300선물인버스,-9520,2,-9520,-9520
307510,307510,TIGER 의료기기,10980,571,10980,10895
307520,307520,TIGER 지주회사,11405,2,11405,11265
307610,307610,TIGER KRX300레버리지,10690,265,10750,-10615
307620,307620,TIGER KRX300선물인버스,-9465,1003,-9565,-9465
308620,308620,KODEX 미국채10년선물,10295,1229,10310,10295
309170,309170,ARIRANG KRX300IT,11470,46,11480,-11330
309180,309180,ARIRANG KRX300금융,10810,38,10810,-10745
309190,309190,ARIRANG KRX300산업재,-11700,40,-11700,-11590
309200,309200,ARIRANG KRX300자유소비재,-11580,38,-11590,-11500
309210,309210,ARIRANG KRX300헬스케어,-11365,65,-11420,-11325
309230,309230,KINDEX 미국WideMoat가치주,10415,2277,10415,10375
310080,310080,KBSTAR 중국MSCI China선물(H),-10710,0,0,0
310960,310960,TIGER 200TR,14540,2401,14540,-14420
310970,310970,TIGER MSCI Korea TR,11090,22,11090,-10945
314250,314250,KODEX 미국FANG플러스(H),-10650,1179,-10650,-10590
314700,314700,HANARO 농업융복합산업,-11000,2027,-11000,-10930
315270,315270,TIGER 200커뮤니케이션서비스,-15550,500,-15550,-15550
315480,315480,KBSTAR 200커뮤니케이션서비스,9720,5,9720,-9600
315930,315930,KODEX Top5PlusTR,13120,925022,13120,-12905
315960,315960,KBSTAR 대형고배당10TR,10690,15,10690,-10590
316140,316140,우리금융지주,16000,2626606,16000,-15200
316300,316300,KINDEX 싱가포르리츠,-10175,30157,10200,-10160
316670,316670,KOSEF 코스닥150,-6155,626975,6180,-6135
500007,500007,신한 인버스 은 선물 ETN(H),9460,82,9470,9460
500039,500039,신한 코스피 콘도르 4/10% ETN,-9670,241,9805,-9670
500042,500042,신한 코스피 콘도르 6/10% ETN,9845,0,0,0
500001,500001,신한 K200 USD 선물 바이셀 ETN,10685,0,0,0
500002,500002,신한 USD K200 선물 바이셀 ETN,8085,5,8115,8080
500035,500035,신한 레버리지 미국달러 선물 ETN,10795,390,10795,10780
500036,500036,신한 인버스 2X 미국달러 선물 ETN,-8985,2313,-8990,-8970
500020,500020,신한 레버리지 다우존스지수 선물 ETN(H),21365,473598,21365,-21180
500028,500028,신한 인버스 2X 다우존스지수 선물 ETN(H),-6615,91208,6670,-6615
500003,500003,신한 인버스 WTI원유 선물 ETN(H),-10215,857,-10285,-10215
500004,500004,신한 브렌트원유 선물 ETN(H),8125,1111,8210,8055
500005,500005,신한 인버스 브렌트원유 선물 ETN(H),-8635,22,-8700,-8635
500006,500006,신한 인버스 금 선물 ETN(H),9150,0,0,0
500008,500008,신한 인버스 구리 선물 ETN(H),-9295,0,0,0
500009,500009,신한 다우존스지수 선물 ETN(H),14895,13,14895,-14870
500010,500010,신한 인버스 다우존스지수 선물 ETN(H),-6355,646,6375,-6355
500011,500011,신한 달러인덱스 선물 ETN(H),10505,0,0,0
500012,500012,신한 인버스 달러인덱스 선물 ETN(H),-9480,0,0,0
500013,500013,신한 옥수수 선물 ETN(H),-6940,1361,7010,-6915
500014,500014,신한 인버스 옥수수 선물 ETN(H),-13035,6,13045,-12905
500015,500015,신한 WTI원유 선물 ETN(H),7760,2459,7760,7700
500016,500016,신한 금 선물 ETN(H),-10585,100,-10585,-10585
500017,500017,신한 은 선물 ETN(H),-9200,664,-9200,-9175
500018,500018,신한 구리 선물 ETN(H),-12550,28,-12550,-12505
500019,500019,신한 레버리지 WTI원유 선물 ETN(H),12100,459183,12100,11915
500021,500021,신한 천연가스 선물 ETN(H),-6265,14971,-6295,-6265
500022,500022,신한 인버스 천연가스 선물 ETN(H),10530,950,10530,10500
500023,500023,신한 콩 선물 ETN(H),-8195,69,8260,-8160
500024,500024,신한 인버스 콩 선물 ETN(H),11740,2,11740,-11650
500027,500027,신한 인버스 2X WTI원유 선물 ETN(H),-5760,156532,-5855,-5760
500029,500029,신한 레버리지 은 선물 ETN(H),-6705,41614,-6720,-6660
500030,500030,신한 인버스 2X 은 선물 ETN(H),12865,455,12930,12855
500031,500031,신한 레버리지 천연가스 선물 ETN(H),-12935,211112,-12995,-12870
500032,500032,신한 인버스 2X 천연가스 선물 ETN(H),4750,148183,4780,4730
500037,500037,신한 레버리지 금 선물 ETN,-10350,3193,-10365,-10340
500038,500038,신한 인버스 2X 금 선물 ETN,10560,10,10560,10560
500040,500040,신한 레버리지 구리 선물 ETN,10540,474,10545,-10485
500041,500041,신한 인버스 2X 구리 선물 ETN,-8900,3817,9030,-8900
500034,500034,신한 S&P500 VIX S/T 선물 ETN,16780,7168,16885,-16665
500025,500025,신한 MSCI 인도네시아 선물 ETN(H),-10850,0,0,0
500026,500026,신한 인버스 MSCI 인도네시아 선물 ETN(H),8935,98,8935,8880
510001,510001,대신 WTI원유 선물 ETN(H),10665,13,10665,10625
510002,510002,대신 아연선물 ETN(H),9930,160,9955,-9860
510003,510003,대신 니켈선물 ETN(H),11875,179,11910,-11820
510004,510004,대신 인버스 아연선물 ETN(H),-10700,827,10750,-10670
510005,510005,대신 2X 아연선물 ETN(H),-7130,2272,7170,-7075
510006,510006,대신 인버스 니켈선물 ETN(H),8470,12,8470,8455
510007,510007,대신 2X 니켈선물 ETN(H),10255,3861,10300,-10145
510010,510010,대신 인버스 2X 니켈선물 ETN(H),-14255,880,14325,-14115
510008,510008,대신 철광석 선물 ETN(H),12920,1,12920,12920
510009,510009,대신 인버스 철광석 선물 ETN(H),-7200,8487,7285,-7100
520004,520004,미래에셋 전기전자 Core5 ETN,-17510,30,-17510,-17440
520005,520005,미래에셋 인버스 전기전자 Core5 ETN,-5155,326,5550,-5150
520006,520006,미래에셋 에너지화학 Core5 ETN,14640,0,0,0
520007,520007,미래에셋 인버스 에너지화학 Core5 ETN,6140,116,6180,6130
520013,520013,미래에셋 Q150 Core5 ETN,12150,0,0,0
520014,520014,미래에셋 미디어엔터 Core5 ETN,13775,1,13775,13775
520015,520015,미래에셋 인버스 미디어엔터 Core5 ETN,-13315,0,0,0
520026,520026,미래에셋 코스피 양매도 5% OTM ETN,-10045,30878,10160,-10045
520009,520009,미래에셋 레버리지 원유선물혼합 ETN(H),21105,2077,21105,20710
520010,520010,미래에셋 원유선물혼합 ETN(H),23650,17,23650,23495
520011,520011,미래에셋 인버스 원유선물혼합 ETN(H),-13415,5,-13480,-13415
520020,520020,미래에셋 미국 시니어론 100 ETN(H),10315,2,10315,10315
520021,520021,미래에셋 미국 시니어론 100 ETN,10335,0,0,0
520025,520025,미래에셋 S&P500 VIX S/T 선물 ETN,-16700,481,16855,-16700
520024,520024,미래에셋 차이나 대표주 15 ETN(H) B,-9000,1105,9090,-9000
520012,520012,미래에셋 호주 ASX200 ETN(H),-11760,1,-11760,-11760
520003,520003,미래에셋 원자재 선물 ETN(H),8950,0,0,0
530003,530003,삼성 모멘텀 탑픽 ETN,5340,0,0,0
530004,530004,삼성 화장품 테마주 ETN,4815,187,4855,4730
530005,530005,삼성 바이오 테마주 ETN,13000,2,13000,12930
530006,530006,삼성 음식료 테마주 ETN,5775,0,0,0
530007,530007,삼성 레저 테마주 ETN,8170,3,8170,8170
530008,530008,삼성 미디어 테마주 ETN,8985,0,0,0
530009,530009,삼성 증권 테마주 ETN,8780,1000,8785,8745
530010,530010,삼성 건축자재 테마주 ETN,-3605,0,0,0
530011,530011,삼성 온라인쇼핑 테마주 ETN,8495,1,8495,8495
530012,530012,삼성 화학 테마주 ETN,12805,0,0,0
530013,530013,삼성 KTOP30 ETN,11425,196237,11425,-11245
530046,530046,삼성 KQ150 Call 1903-01 ETN,9295,0,0,0
530047,530047,삼성 KQ150 Call 1903-02 ETN,9295,0,0,0
530048,530048,삼성 K200 Call 1903-01 ETN,9370,0,0,0
530049,530049,삼성 K200 Call 1903-02 ETN,9360,0,0,0
530050,530050,삼성 K200 Put 1903-01 ETN,-10290,0,0,0
530051,530051,삼성 K200 Put 1903-02 ETN,-9615,0,0,0
530057,530057,삼성 K200 Call 1908-01 ETN,10010,0,0,0
530058,530058,삼성 K200 Call 1908-02 ETN,9535,0,0,0
530059,530059,삼성 K200 Put 1908-01 ETN,9780,2,9780,9780
530053,530053,삼성 코스피 풋매도 ETN,10180,0,0,0
530060,530060,삼성 코스피 양매도 5% OTM ETN,-10045,98658,10155,-10045
530015,530015,삼성 미국 대형 성장주 ETN(H),13350,8391,13350,13305
530016,530016,삼성 미국 대형 가치주 ETN(H),12635,2463,12660,12635
530017,530017,삼성 미국 중소형 성장주 ETN(H),12665,1,12665,12665
530018,530018,삼성 미국 중소형 가치주 ETN(H),12170,0,0,0
530019,530019,삼성 미국 대형 성장주 ETN,12955,77,12955,12955
530020,530020,삼성 미국 대형 가치주 ETN,12315,0,0,0
530021,530021,삼성 미국 중소형 성장주 ETN,12345,0,0,0
530022,530022,삼성 미국 중소형 가치주 ETN,11865,0,0,0
530032,530032,삼성 Cushing 에너지인프라 MLP ETN,8960,0,0,0
530033,530033,삼성 Alerian 에너지인프라 MLP ETN,9050,0,0,0
530031,530031,삼성 레버리지 WTI원유 선물 ETN,14110,56606,14110,13870
530036,530036,삼성 인버스 2X WTI원유 선물 ETN,-5420,39546,-5500,-5420
530037,530037,삼성 레버리지 천연가스 선물 ETN,-13000,70540,-13030,-12900
530038,530038,삼성 인버스 2X 천연가스 선물 ETN,9515,18365,9580,9470
530055,530055,삼성 레버리지 금 선물 ETN(H),-19705,398,-19725,-19660
530056,530056,삼성 인버스 2X 금 선물 ETN(H),20095,0,0,0
530061,530061,삼성 레버리지 은 선물 ETN(H),-11135,0,0,0
530062,530062,삼성 인버스 2X 은 선물 ETN(H),8835,0,0,0
530063,530063,삼성 레버리지 구리 선물 ETN(H),-9985,119,-9985,-9930
530064,530064,삼성 인버스 2X 구리 선물 ETN(H),9655,2119,9665,9655
530052,530052,삼성 S&P500 VIX S/T 선물 ETN(H),-15910,2673,16050,-15840
530002,530002,삼성 인버스 China A50 선물 ETN(H),14280,662,14375,14280
530014,530014,삼성 China A50 선물 ETN(H),12485,0,0,0
530023,530023,삼성 레버리지 China A50 선물 ETN(H),29390,836,29510,-28910
550001,550001,QV Big Vol ETN,11080,0,0,0
550002,550002,QV WISE 배당 ETN,10230,0,0,0
550003,550003,QV 스마트리밸런싱 250/3 ETN,-10225,2,-10295,-10225
550004,550004,QV 롱숏 K150 매수 로우볼 매도 ETN,-9870,100,-9870,-9870
550005,550005,QV 에너지 TOP5 ETN,-11960,0,0,0
550006,550006,QV 내수소비 TOP5 ETN,6990,0,0,0
550007,550007,QV 조선 TOP5 ETN,-10645,248,-10800,-10505
550008,550008,QV 소프트웨어 TOP5 ETN,12380,0,0,0
550009,550009,QV 하드웨어 TOP5 ETN,-17310,3,-17310,-17310
550010,550010,QV 운송 TOP5 ETN,8760,0,0,0
550011,550011,QV 자동차 TOP5 ETN,-10770,0,0,0
550012,550012,QV 의료 TOP5 ETN,-5750,52,5815,-5750
550013,550013,QV 화학 TOP5 ETN,-10610,10,-10655,-10610
550014,550014,QV 바이오 TOP5 ETN,-14475,114,-14575,-14435
550015,550015,QV 제약 TOP5 ETN,8530,1203,8530,-8435
550016,550016,QV 건설 TOP5 ETN,-10700,1001,-10700,-10520
550019,550019,QV 전기차 테마 ETN,-12450,60,-12550,-12435
550020,550020,QV 2차전지 테마 ETN,-17300,593,-17300,-17120
550021,550021,QV 핀테크 테마 ETN,8155,0,0,0
550022,550022,QV 사물인터넷 테마 ETN,7010,9,7010,7010
550023,550023,QV 고령화 테마 ETN,9165,12,9165,9135
550024,550024,QV 수자원 테마 ETN,-10305,8,-10460,-10305
550025,550025,QV HMR 테마 ETN,-6940,8,-6940,-6940
550026,550026,QV KTOP30 ETN,11165,6,11165,11165
550027,550027,QV 농업 테마 ETN,7370,0,0,0
550029,550029,QV 대체에너지 테마 ETN,10400,0,0,0
550030,550030,QV OLED 테마 ETN,9110,102,9110,9070
550031,550031,QV 항공우주 테마 ETN,9500,0,0,0
550032,550032,QV 방위산업 테마 ETN,8190,0,0,0
550033,550033,QV 스마트리밸런싱 260/4 ETN,-9710,0,0,0
550048,550048,QV K200 Call 1904-01 ETN,9275,0,0,0
550049,550049,QV K200 Call 1904-02 ETN,9280,0,0,0
550050,550050,QV K200 Put 1904-01 ETN,12490,3,12540,12490
550046,550046,QV 레버리지 10년 국채선물 ETN,-22665,0,0,0
550047,550047,QV 인버스 레버리지 10년 국채선물 ETN,17955,0,0,0
550056,550056,QV 코스피 양매도 5% OTM ETN,10150,3,10155,10150
550057,550057,QV 코스피 변동성 매칭형 양매도 ETN,9895,2,9895,9890
550041,550041,QV 미국 IT TOP5 ETN(H),-12590,16323,-12590,-12515
550044,550044,QV 레버리지 S&P500 ETN,11270,743,11270,-11135
550045,550045,QV 인버스 레버리지 S&P500 ETN,7905,6365,7950,7880
550052,550052,QV MSCI 선진국 ETN,8930,0,0,0
550053,550053,QV 인버스 MSCI 선진국 ETN,10720,0,0,0
550054,550054,QV 레버리지 MSCI 선진국 ETN,8660,0,0,0
550055,550055,QV 인버스 레버리지 MSCI 선진국 ETN,11315,0,0,0
550042,550042,QV 레버리지 WTI원유 선물 ETN(H),11655,9013,11655,11510
550043,550043,QV 인버스 레버리지 WTI원유 선물 ETN(H),-5260,15346,-5335,-5260
550051,550051,QV S&P500 VIX S/T 선물 ETN,-16725,4449,16885,-16685
550018,550018,QV CHINEXT ETN(H),4710,0,0,0
570003,570003,TRUE 빅5 동일가중 ETN,10265,0,0,0
570008,570008,TRUE 섹터탑픽 ETN,-9800,0,0,0
570009,570009,TRUE 코리아프리미어 ETN,9515,0,0,0
570015,570015,TRUE 다우존스 지속가능경영 코리아 ETN,11210,128001,11210,-11130
570019,570019,TRUE 코스피 양매도 5% OTM ETN,-10495,232453,10655,-10495
570020,570020,TRUE 코스피 커버드콜 ETN B,-9305,26,9340,-9305
570021,570021,TRUE 코스피 커버드풋 ETN B,11150,20,11160,11150
570024,570024,TRUE 코스피 타겟볼20 ETN,8355,0,0,0
570029,570029,TRUE 코스피 양매도 3% OTM ETN,-9910,1537,10075,-9910
570030,570030,TRUE 코스피 양매도 ATM ETN,-10135,31696,10280,-10135
570022,570022,TRUE 레버리지 S&P500 선물 ETN(H),-11170,9180,-11170,-11090
570023,570023,TRUE 인버스 2X S&P500 선물 ETN(H),-7990,42371,8070,-7990
570013,570013,TRUE 유로선물 ETN,-9145,109,-9150,-9140
570014,570014,TRUE 인버스 유로선물 ETN,10780,15,10780,10780
570025,570025,TRUE 인버스 유로스탁스50 ETN(H) B,-9810,51,9825,-9810
570026,570026,TRUE 레버리지 유로스탁스50 ETN(H),9500,5,9500,-9460
570027,570027,TRUE 인버스 2X 유로스탁스50 ETN(H),-9525,30941,9590,-9525
570010,570010,TRUE 엔선물 ETN,8950,0,0,0
570011,570011,TRUE 레버리지 엔선물 ETN,-7465,1619,7500,-7450
570012,570012,TRUE 인버스 엔선물 ETN,10965,9,10965,10965
570028,570028,TRUE 인버스 HSCEI ETN(H) B,10355,14058,10420,10325
570031,570031,TRUE 레버리지 HSCEI ETN(H),-11360,43,-11390,-11315
570032,570032,TRUE 인버스 2X HSCEI ETN(H),8610,69376,8670,8550
580006,580006,KB KTOP30 ETN,10740,10,10740,10740
580007,580007,KB KQ 우량주30 ETN,13460,0,0,0
580008,580008,KB 코스피 양매도 5% OTM ETN,9925,20,9925,9925
590007,590007,미래에셋 미국 대형주 ETN(H),13770,0,0,0
590008,590008,미래에셋 미국 중형주 ETN(H),13280,68,13280,13280
590009,590009,미래에셋 미국 항공우주 ETN(H),-16875,8,-16875,-16785
590010,590010,미래에셋 레버리지 S&P500 ETN(H),16950,0,0,0
590011,590011,미래에셋 인버스 S&P500 ETN(H),7180,29,7180,7180
590013,590013,미래에셋 미국 리츠 ETN(H),10505,0,0,0
590016,590016,미래에셋 미국 헬스케어 ETN(H),12240,820,12240,12240
590017,590017,미래에셋 미국 고배당주 ETN(H),12210,51,12210,12195
590003,590003,미래에셋 유럽 대형주 ETN(H),11505,0,0,0
590004,590004,미래에셋 유럽 중형주 ETN(H),11350,0,0,0
590005,590005,미래에셋 일본 대형주 ETN(H),12710,0,0,0
590006,590006,미래에셋 일본 중형주 ETN(H),12165,0,0,0
590018,590018,미래에셋 중국 심천 100 ETN,9305,21,9305,9210
590012,590012,미래에셋 글로벌 리츠 ETN(H),-10615,50,-10615,-10615
700001,700001,하나 코스피 변동성추세 추종 양매도 ETN,10015,821,10020,10005
900140,900140,엘브이엠씨홀딩스,2990,451297,3065,-2870
